site_number,kwh,bill_start_date,bill_end_date,retrofit_start_date,retrofit_end_date
"1",1195,1/17/09,2/17/09,"8/2/11","10/25/11"
"1",855,2/18/09,3/18/09,"8/2/11","10/25/11"
"1",829,3/19/09,4/19/09,"8/2/11","10/25/11"
"1",1079,4/20/09,5/18/09,"8/2/11","10/25/11"
"1",1027,5/19/09,6/16/09,"8/2/11","10/25/11"
"1",1866,6/17/09,7/19/09,"8/2/11","10/25/11"
"1",1811,7/20/09,8/17/09,"8/2/11","10/25/11"
"1",1713,8/18/09,9/16/09,"8/2/11","10/25/11"
"1",1151,9/17/09,10/15/09,"8/2/11","10/25/11"
"1",949,10/16/09,11/16/09,"8/2/11","10/25/11"
"1",1152,11/17/09,12/16/09,"8/2/11","10/25/11"
"1",1194,12/17/09,1/18/10,"8/2/11","10/25/11"
"1",892,1/19/10,2/17/10,"8/2/11","10/25/11"
"1",901,2/18/10,3/21/10,"8/2/11","10/25/11"
"1",843,3/22/10,4/19/10,"8/2/11","10/25/11"
"1",778,4/20/10,5/18/10,"8/2/11","10/25/11"
"1",1199,5/19/10,6/17/10,"8/2/11","10/25/11"
"1",2129,6/18/10,7/19/10,"8/2/11","10/25/11"
"1",1645,7/20/10,8/18/10,"8/2/11","10/25/11"
"1",1681,8/19/10,9/19/10,"8/2/11","10/25/11"
"1",1296,9/20/10,10/18/10,"8/2/11","10/25/11"
"1",976,10/19/10,11/17/10,"8/2/11","10/25/11"
"1",1264,11/18/10,12/19/10,"8/2/11","10/25/11"
"1",1145,12/20/10,1/18/11,"8/2/11","10/25/11"
"1",934,1/19/11,2/16/11,"8/2/11","10/25/11"
"1",1086,2/17/11,3/20/11,"8/2/11","10/25/11"
"1",940,3/21/11,4/19/11,"8/2/11","10/25/11"
"1",907,4/20/11,5/18/11,"8/2/11","10/25/11"
"1",1250,5/19/11,6/19/11,"8/2/11","10/25/11"
"1",1842,6/20/11,7/19/11,"8/2/11","10/25/11"
"1",1978,7/20/11,8/17/11,"8/2/11","10/25/11"
"1",2064,8/18/11,9/18/11,"8/2/11","10/25/11"
"1",1134,9/19/11,10/17/11,"8/2/11","10/25/11"
"1",953,10/18/11,11/16/11,"8/2/11","10/25/11"
"1",1157,11/17/11,12/15/11,"8/2/11","10/25/11"
"1",1346,12/16/11,1/17/12,"8/2/11","10/25/11"
"1",930,1/18/12,2/15/12,"8/2/11","10/25/11"
"1",963,2/16/12,3/18/12,"8/2/11","10/25/11"
"1",840,3/19/12,4/16/12,"8/2/11","10/25/11"
"1",961,4/17/12,5/16/12,"8/2/11","10/25/11"
"1",1296.655,5/17/12,6/17/12,"8/2/11","10/25/11"
"1",1369.202,6/18/12,7/17/12,"8/2/11","10/25/11"
"1",1703.593,7/18/12,8/15/12,"8/2/11","10/25/11"
"1",1567.716,8/16/12,9/16/12,"8/2/11","10/25/11"
"1",974.0322,9/17/12,10/15/12,"8/2/11","10/25/11"
"1",766.2876,10/16/12,11/14/12,"8/2/11","10/25/11"
"1",1095.069,11/15/12,12/16/12,"8/2/11","10/25/11"
"2",343,1/16/10,2/12/10,"6/15/11","9/10/11"
"2",482,2/13/10,3/15/10,"6/15/11","9/10/11"
"2",396,3/16/10,4/16/10,"6/15/11","9/10/11"
"2",369,4/17/10,5/14/10,"6/15/11","9/10/11"
"2",361,5/15/10,6/14/10,"6/15/11","9/10/11"
"2",417,6/15/10,7/16/10,"6/15/11","9/10/11"
"2",403,7/17/10,8/16/10,"6/15/11","9/10/11"
"2",394,8/17/10,9/15/10,"6/15/11","9/10/11"
"2",358,9/16/10,10/14/10,"6/15/11","9/10/11"
"2",355,10/15/10,11/14/10,"6/15/11","9/10/11"
"2",418,11/15/10,12/14/10,"6/15/11","9/10/11"
"2",457,12/15/10,1/12/11,"6/15/11","9/10/11"
"2",399,1/13/11,2/13/11,"6/15/11","9/10/11"
"2",391,2/14/11,3/15/11,"6/15/11","9/10/11"
"2",351,3/16/11,4/14/11,"6/15/11","9/10/11"
"2",353,4/15/11,5/15/11,"6/15/11","9/10/11"
"2",449,5/16/11,6/14/11,"6/15/11","9/10/11"
"2",493,6/15/11,7/14/11,"6/15/11","9/10/11"
"2",287,7/15/11,8/14/11,"6/15/11","9/10/11"
"2",288,8/15/11,9/13/11,"6/15/11","9/10/11"
"2",400,9/14/11,10/12/11,"6/15/11","9/10/11"
"2",407,10/13/11,11/13/11,"6/15/11","9/10/11"
"2",455,11/14/11,12/12/11,"6/15/11","9/10/11"
"2",397,12/13/11,1/11/12,"6/15/11","9/10/11"
"2",471,1/12/12,2/12/12,"6/15/11","9/10/11"
"2",441,2/13/12,3/13/12,"6/15/11","9/10/11"
"2",405,3/14/12,4/11/12,"6/15/11","9/10/11"
"2",417,4/12/12,5/13/12,"6/15/11","9/10/11"
"2",362,5/14/12,6/12/12,"6/15/11","9/10/11"
"2",381,6/13/12,7/12/12,"6/15/11","9/10/11"
"2",416,7/13/12,8/12/12,"6/15/11","9/10/11"
"2",419,8/13/12,9/11/12,"6/15/11","9/10/11"
"2",341,9/12/12,10/10/12,"6/15/11","9/10/11"
"2",372,10/11/12,11/8/12,"6/15/11","9/10/11"
"2",497,11/9/12,12/11/12,"6/15/11","9/10/11"
"2",446,12/12/12,1/10/13,"6/15/11","9/10/11"
"2",525,1/11/13,2/11/13,"6/15/11","9/10/11"
"2",475,2/12/13,3/13/13,"6/15/11","9/10/11"
"2",399,3/14/13,4/11/13,"6/15/11","9/10/11"
"3",669,1/7/09,2/4/09,"10/1/11","11/21/11"
"3",819,2/5/09,3/8/09,"10/1/11","11/21/11"
"3",610,3/9/09,4/7/09,"10/1/11","11/21/11"
"3",589,4/8/09,5/6/09,"10/1/11","11/21/11"
"3",633,5/7/09,6/7/09,"10/1/11","11/21/11"
"3",643,6/8/09,7/7/09,"10/1/11","11/21/11"
"3",619,7/8/09,8/6/09,"10/1/11","11/21/11"
"3",583,8/7/09,9/3/09,"10/1/11","11/21/11"
"3",635,9/4/09,10/5/09,"10/1/11","11/21/11"
"3",688,10/6/09,11/3/09,"10/1/11","11/21/11"
"3",779,11/4/09,12/4/09,"10/1/11","11/21/11"
"3",1152,12/5/09,1/5/10,"10/1/11","11/21/11"
"3",821,1/6/10,2/4/10,"10/1/11","11/21/11"
"3",776,2/5/10,3/8/10,"10/1/11","11/21/11"
"3",739,3/9/10,4/7/10,"10/1/11","11/21/11"
"3",606,4/8/10,5/6/10,"10/1/11","11/21/11"
"3",756,5/7/10,6/7/10,"10/1/11","11/21/11"
"3",555,6/8/10,7/7/10,"10/1/11","11/21/11"
"3",721,7/8/10,8/8/10,"10/1/11","11/21/11"
"3",700,8/9/10,9/7/10,"10/1/11","11/21/11"
"3",671,9/8/10,10/6/10,"10/1/11","11/21/11"
"3",685,10/7/10,11/4/10,"10/1/11","11/21/11"
"3",943,11/5/10,12/7/10,"10/1/11","11/21/11"
"3",1041,12/8/10,1/5/11,"10/1/11","11/21/11"
"3",699,1/6/11,2/6/11,"10/1/11","11/21/11"
"3",788,2/7/11,3/8/11,"10/1/11","11/21/11"
"3",656,3/9/11,4/6/11,"10/1/11","11/21/11"
"3",650,4/7/11,5/8/11,"10/1/11","11/21/11"
"3",660,5/9/11,6/7/11,"10/1/11","11/21/11"
"3",721,6/8/11,7/7/11,"10/1/11","11/21/11"
"3",708,7/8/11,8/7/11,"10/1/11","11/21/11"
"3",584,8/8/11,9/6/11,"10/1/11","11/21/11"
"3",603,9/7/11,10/5/11,"10/1/11","11/21/11"
"3",645,10/6/11,11/3/11,"10/1/11","11/21/11"
"3",768,11/4/11,12/5/11,"10/1/11","11/21/11"
"3",1069,12/6/11,1/5/12,"10/1/11","11/21/11"
"3",716,1/6/12,2/5/12,"10/1/11","11/21/11"
"3",668,2/6/12,3/6/12,"10/1/11","11/21/11"
"3",641,3/7/12,4/4/12,"10/1/11","11/21/11"
"3",674,4/5/12,5/6/12,"10/1/11","11/21/11"
"3",647,5/7/12,6/5/12,"10/1/11","11/21/11"
"3",554,6/6/12,7/5/12,"10/1/11","11/21/11"
"3",669,7/6/12,8/5/12,"10/1/11","11/21/11"
"3",731,8/6/12,9/4/12,"10/1/11","11/21/11"
"3",576,9/5/12,10/3/12,"10/1/11","11/21/11"
"3",634,10/4/12,11/1/12,"10/1/11","11/21/11"
"3",862,11/2/12,12/4/12,"10/1/11","11/21/11"
"3",1021,12/5/12,1/4/13,"10/1/11","11/21/11"
"3",638,1/5/13,2/4/13,"10/1/11","11/21/11"
"3",615,2/5/13,3/6/13,"10/1/11","11/21/11"
"3",586,3/7/13,4/4/13,"10/1/11","11/21/11"
"4",530,12/23/08,1/21/09,"8/23/11","10/27/11"
"4",579,1/22/09,2/22/09,"8/23/11","10/27/11"
"4",498,2/23/09,3/23/09,"8/23/11","10/27/11"
"4",422,3/24/09,4/23/09,"8/23/11","10/27/11"
"4",344,4/24/09,5/22/09,"8/23/11","10/27/11"
"4",378,5/23/09,6/22/09,"8/23/11","10/27/11"
"4",140,6/23/09,7/23/09,"8/23/11","10/27/11"
"4",191,7/24/09,8/20/09,"8/23/11","10/27/11"
"4",433,8/21/09,9/21/09,"8/23/11","10/27/11"
"4",395,9/22/09,10/20/09,"8/23/11","10/27/11"
"4",433,10/21/09,11/20/09,"8/23/11","10/27/11"
"4",517,11/21/09,12/21/09,"8/23/11","10/27/11"
"4",588,12/22/09,1/21/10,"8/23/11","10/27/11"
"4",477,1/22/10,2/22/10,"8/23/11","10/27/11"
"4",424,2/23/10,3/25/10,"8/23/11","10/27/11"
"4",360,3/26/10,4/22/10,"8/23/11","10/27/11"
"4",388,4/23/10,5/23/10,"8/23/11","10/27/11"
"4",347,5/24/10,6/22/10,"8/23/11","10/27/11"
"4",365,6/23/10,7/23/10,"8/23/11","10/27/11"
"4",335,7/24/10,8/23/10,"8/23/11","10/27/11"
"4",410,8/24/10,9/23/10,"8/23/11","10/27/11"
"4",386,9/24/10,10/20/10,"8/23/11","10/27/11"
"4",535,10/21/10,11/21/10,"8/23/11","10/27/11"
"4",599,11/22/10,12/22/10,"8/23/11","10/27/11"
"4",577,12/23/10,1/23/11,"8/23/11","10/27/11"
"4",527,1/24/11,2/22/11,"8/23/11","10/27/11"
"4",446,2/23/11,3/23/11,"8/23/11","10/27/11"
"4",412,3/24/11,4/24/11,"8/23/11","10/27/11"
"4",358,4/25/11,5/23/11,"8/23/11","10/27/11"
"4",424,5/24/11,6/22/11,"8/23/11","10/27/11"
"4",264,6/23/11,7/24/11,"8/23/11","10/27/11"
"4",310,7/25/11,8/22/11,"8/23/11","10/27/11"
"4",367,8/23/11,9/21/11,"8/23/11","10/27/11"
"4",375,9/22/11,10/20/11,"8/23/11","10/27/11"
"4",503,10/21/11,11/20/11,"8/23/11","10/27/11"
"4",498,11/21/11,12/20/11,"8/23/11","10/27/11"
"4",561,12/21/11,1/22/12,"8/23/11","10/27/11"
"4",468,1/23/12,2/21/12,"8/23/11","10/27/11"
"4",444,2/22/12,3/21/12,"8/23/11","10/27/11"
"4",397,3/22/12,4/22/12,"8/23/11","10/27/11"
"4",317,4/23/12,5/21/12,"8/23/11","10/27/11"
"4",356,5/22/12,6/20/12,"8/23/11","10/27/11"
"4",275,6/21/12,7/22/12,"8/23/11","10/27/11"
"4",,7/23/12,8/15/12,"8/23/11","10/27/11"
"4",487,8/16/12,9/19/12,"8/23/11","10/27/11"
"4",457,9/20/12,10/18/12,"8/23/11","10/27/11"
"4",517,10/19/12,11/18/12,"8/23/11","10/27/11"
"4",556,11/19/12,12/19/12,"8/23/11","10/27/11"
"4",659,12/20/12,1/21/13,"8/23/11","10/27/11"
"4",511,1/22/13,2/20/13,"8/23/11","10/27/11"
"4",469,2/21/13,3/21/13,"8/23/11","10/27/11"
"5",344,12/31/08,1/29/09,"6/16/11","9/9/11"
"5",457,1/30/09,3/2/09,"6/16/11","9/9/11"
"5",426,3/3/09,4/1/09,"6/16/11","9/9/11"
"5",378,4/2/09,4/30/09,"6/16/11","9/9/11"
"5",428,5/1/09,6/1/09,"6/16/11","9/9/11"
"5",380,6/2/09,6/30/09,"6/16/11","9/9/11"
"5",364,7/1/09,7/30/09,"6/16/11","9/9/11"
"5",438,7/31/09,8/31/09,"6/16/11","9/9/11"
"5",381,9/1/09,9/29/09,"6/16/11","9/9/11"
"5",333,9/30/09,10/29/09,"6/16/11","9/9/11"
"5",507,10/30/09,12/1/09,"6/16/11","9/9/11"
"5",492,12/2/09,12/30/09,"6/16/11","9/9/11"
"5",554,12/31/09,1/31/10,"6/16/11","9/9/11"
"5",453,2/1/10,3/2/10,"6/16/11","9/9/11"
"5",401,3/3/10,4/1/10,"6/16/11","9/9/11"
"5",496,4/2/10,5/2/10,"6/16/11","9/9/11"
"5",429,5/3/10,6/1/10,"6/16/11","9/9/11"
"5",396,6/2/10,6/30/10,"6/16/11","9/9/11"
"5",439,7/1/10,8/1/10,"6/16/11","9/9/11"
"5",375,8/2/10,8/31/10,"6/16/11","9/9/11"
"5",356,9/1/10,9/30/10,"6/16/11","9/9/11"
"5",426,10/1/10,10/31/10,"6/16/11","9/9/11"
"5",428,11/1/10,12/1/10,"6/16/11","9/9/11"
"5",418,12/2/10,12/30/10,"6/16/11","9/9/11"
"5",490,12/31/10,1/31/11,"6/16/11","9/9/11"
"5",446,2/1/11,3/2/11,"6/16/11","9/9/11"
"5",406,3/3/11,3/31/11,"6/16/11","9/9/11"
"5",462,4/1/11,5/2/11,"6/16/11","9/9/11"
"5",429,5/3/11,6/1/11,"6/16/11","9/9/11"
"5",463,6/2/11,6/30/11,"6/16/11","9/9/11"
"5",457,7/1/11,8/1/11,"6/16/11","9/9/11"
"5",439,8/2/11,8/30/11,"6/16/11","9/9/11"
"5",347,8/31/11,9/29/11,"6/16/11","9/9/11"
"5",470,9/30/11,10/30/11,"6/16/11","9/9/11"
"5",492,10/31/11,11/30/11,"6/16/11","9/9/11"
"5",511,12/1/11,12/29/11,"6/16/11","9/9/11"
"5",545,12/30/11,1/30/12,"6/16/11","9/9/11"
"5",463,1/31/12,2/29/12,"6/16/11","9/9/11"
"5",451,3/1/12,3/29/12,"6/16/11","9/9/11"
"5",544,3/30/12,4/30/12,"6/16/11","9/9/11"
"5",460,5/1/12,5/30/12,"6/16/11","9/9/11"
"5",509,5/31/12,6/28/12,"6/16/11","9/9/11"
"5",501,6/29/12,7/30/12,"6/16/11","9/9/11"
"5",421,7/31/12,8/28/12,"6/16/11","9/9/11"
"5",430,8/29/12,9/27/12,"6/16/11","9/9/11"
"5",354,9/28/12,10/28/12,"6/16/11","9/9/11"
"5",467,10/29/12,11/28/12,"6/16/11","9/9/11"
"5",484,11/29/12,12/30/12,"6/16/11","9/9/11"
"5",476,12/31/12,1/29/13,"6/16/11","9/9/11"
"5",469,1/30/13,2/28/13,"6/16/11","9/9/11"
"5",444,3/1/13,3/31/13,"6/16/11","9/9/11"
"6",379,12/30/08,1/29/09,"1/17/12","2/15/12"
"6",303,1/30/09,3/2/09,"1/17/12","2/15/12"
"6",286,3/3/09,4/1/09,"1/17/12","2/15/12"
"6",264,4/2/09,4/29/09,"1/17/12","2/15/12"
"6",341,4/30/09,6/1/09,"1/17/12","2/15/12"
"6",325,6/2/09,6/30/09,"1/17/12","2/15/12"
"6",332,7/1/09,7/30/09,"1/17/12","2/15/12"
"6",370,7/31/09,8/30/09,"1/17/12","2/15/12"
"6",393,8/31/09,9/29/09,"1/17/12","2/15/12"
"6",255,9/30/09,10/28/09,"1/17/12","2/15/12"
"6",329,10/29/09,11/30/09,"1/17/12","2/15/12"
"6",318,12/1/09,12/29/09,"1/17/12","2/15/12"
"6",360,12/30/09,1/31/10,"1/17/12","2/15/12"
"6",292,2/1/10,3/1/10,"1/17/12","2/15/12"
"6",287,3/2/10,4/1/10,"1/17/12","2/15/12"
"6",295,4/2/10,5/2/10,"1/17/12","2/15/12"
"6",277,5/3/10,6/2/10,"1/17/12","2/15/12"
"6",251,6/3/10,6/30/10,"1/17/12","2/15/12"
"6",303,7/1/10,8/2/10,"1/17/12","2/15/12"
"6",278,8/3/10,8/31/10,"1/17/12","2/15/12"
"6",294,9/1/10,9/30/10,"1/17/12","2/15/12"
"6",216,10/1/10,11/1/10,"1/17/12","2/15/12"
"6",273,11/2/10,12/1/10,"1/17/12","2/15/12"
"6",345,12/2/10,1/2/11,"1/17/12","2/15/12"
"6",311,1/3/11,2/1/11,"1/17/12","2/15/12"
"6",278,2/2/11,3/1/11,"1/17/12","2/15/12"
"6",315,3/2/11,4/3/11,"1/17/12","2/15/12"
"6",241,4/4/11,5/2/11,"1/17/12","2/15/12"
"6",257,5/3/11,6/1/11,"1/17/12","2/15/12"
"6",242,6/2/11,6/30/11,"1/17/12","2/15/12"
"6",343,7/1/11,8/1/11,"1/17/12","2/15/12"
"6",235,8/2/11,8/30/11,"1/17/12","2/15/12"
"6",263,8/31/11,9/29/11,"1/17/12","2/15/12"
"6",232,9/30/11,10/31/11,"1/17/12","2/15/12"
"6",258,11/1/11,11/29/11,"1/17/12","2/15/12"
"6",298,11/30/11,12/29/11,"1/17/12","2/15/12"
"6",322,12/30/11,1/30/12,"1/17/12","2/15/12"
"6",289,1/31/12,2/29/12,"1/17/12","2/15/12"
"6",271,3/1/12,3/29/12,"1/17/12","2/15/12"
"6",267,3/30/12,4/30/12,"1/17/12","2/15/12"
"6",256,5/1/12,5/30/12,"1/17/12","2/15/12"
"6",280,5/31/12,6/28/12,"1/17/12","2/15/12"
"6",315,6/29/12,7/30/12,"1/17/12","2/15/12"
"6",237,7/31/12,8/29/12,"1/17/12","2/15/12"
"6",234,8/30/12,9/27/12,"1/17/12","2/15/12"
"6",224,9/28/12,10/28/12,"1/17/12","2/15/12"
"6",256,10/29/12,11/28/12,"1/17/12","2/15/12"
"6",322,11/29/12,12/30/12,"1/17/12","2/15/12"
"6",323,12/31/12,1/29/13,"1/17/12","2/15/12"
"6",298,1/30/13,2/28/13,"1/17/12","2/15/12"
"6",303,3/1/13,4/1/13,"1/17/12","2/15/12"
"8",1204,12/13/08,1/12/09,"1/21/12","3/16/12"
"8",849,1/13/09,2/11/09,"1/21/12","3/16/12"
"8",822,2/12/09,3/15/09,"1/21/12","3/16/12"
"8",819,3/16/09,4/14/09,"1/21/12","3/16/12"
"8",740,4/15/09,5/14/09,"1/21/12","3/16/12"
"8",726,5/15/09,6/15/09,"1/21/12","3/16/12"
"8",604,6/16/09,7/15/09,"1/21/12","3/16/12"
"8",678,7/16/09,8/12/09,"1/21/12","3/16/12"
"8",794,8/13/09,9/13/09,"1/21/12","3/16/12"
"8",727,9/14/09,10/12/09,"1/21/12","3/16/12"
"8",809,10/13/09,11/11/09,"1/21/12","3/16/12"
"8",993,11/12/09,12/13/09,"1/21/12","3/16/12"
"8",1122,12/14/09,1/12/10,"1/21/12","3/16/12"
"8",824,1/13/10,2/11/10,"1/21/12","3/16/12"
"8",843,2/12/10,3/15/10,"1/21/12","3/16/12"
"8",731,3/16/10,4/14/10,"1/21/12","3/16/12"
"8",649,4/15/10,5/13/10,"1/21/12","3/16/12"
"8",757,5/14/10,6/14/10,"1/21/12","3/16/12"
"8",668,6/15/10,7/15/10,"1/21/12","3/16/12"
"8",663,7/16/10,8/15/10,"1/21/12","3/16/12"
"8",664,8/16/10,9/14/10,"1/21/12","3/16/12"
"8",734,9/15/10,10/13/10,"1/21/12","3/16/12"
"8",763,10/14/10,11/14/10,"1/21/12","3/16/12"
"8",914,11/15/10,12/14/10,"1/21/12","3/16/12"
"8",957,12/15/10,1/12/11,"1/21/12","3/16/12"
"8",807,1/13/11,2/13/11,"1/21/12","3/16/12"
"8",735,2/14/11,3/15/11,"1/21/12","3/16/12"
"8",694,3/16/11,4/14/11,"1/21/12","3/16/12"
"8",614,4/15/11,5/15/11,"1/21/12","3/16/12"
"8",588,5/16/11,6/14/11,"1/21/12","3/16/12"
"8",1987,6/15/11,9/13/11,"1/21/12","3/16/12"
"8",676,9/14/11,10/12/11,"1/21/12","3/16/12"
"8",965,10/13/11,11/13/11,"1/21/12","3/16/12"
"8",894,11/14/11,12/12/11,"1/21/12","3/16/12"
"8",960,12/13/11,1/11/12,"1/21/12","3/16/12"
"8",946,1/12/12,2/12/12,"1/21/12","3/16/12"
"8",740,2/13/12,3/13/12,"1/21/12","3/16/12"
"8",730,3/14/12,4/11/12,"1/21/12","3/16/12"
"8",728,4/12/12,5/13/12,"1/21/12","3/16/12"
"8",598,5/14/12,6/12/12,"1/21/12","3/16/12"
"8",492,6/13/12,7/12/12,"1/21/12","3/16/12"
"8",637,7/13/12,8/12/12,"1/21/12","3/16/12"
"8",556,8/13/12,9/11/12,"1/21/12","3/16/12"
"8",561,9/12/12,10/10/12,"1/21/12","3/16/12"
"8",676,10/11/12,11/8/12,"1/21/12","3/16/12"
"8",675,11/9/12,12/11/12,"1/21/12","3/16/12"
"8",1029,12/12/12,1/10/13,"1/21/12","3/16/12"
"8",791,1/11/13,2/11/13,"1/21/12","3/16/12"
"8",675,2/12/13,3/13/13,"1/21/12","3/16/12"
"8",610,3/14/13,4/12/13,"1/21/12","3/16/12"
"8",575,4/13/13,5/14/13,"1/21/12","3/16/12"
"8",602,5/15/13,6/13/13,"1/21/12","3/16/12"
"8",794,6/14/13,7/15/13,"1/21/12","3/16/12"
"8",597,7/16/13,8/13/13,"1/21/12","3/16/12"
"8",843,8/14/13,9/12/13,"1/21/12","3/16/12"
"8",807,9/13/13,10/11/13,"1/21/12","3/16/12"
"9",1172,1/1/09,2/1/09,"8/2/11","10/14/11"
"9",1147,2/2/09,3/3/09,"8/2/11","10/14/11"
"9",1116,3/4/09,4/2/09,"8/2/11","10/14/11"
"9",1250,4/3/09,5/3/09,"8/2/11","10/14/11"
"9",1495,5/4/09,6/2/09,"8/2/11","10/14/11"
"9",1272,6/3/09,7/1/09,"8/2/11","10/14/11"
"9",1450,7/2/09,8/3/09,"8/2/11","10/14/11"
"9",1147,8/4/09,8/31/09,"8/2/11","10/14/11"
"9",1518,9/1/09,9/30/09,"8/2/11","10/14/11"
"9",909,10/1/09,10/29/09,"8/2/11","10/14/11"
"9",1176,10/30/09,12/1/09,"8/2/11","10/14/11"
"9",1161,12/2/09,12/30/09,"8/2/11","10/14/11"
"9",1674,12/31/09,2/1/10,"8/2/11","10/14/11"
"9",1244,2/2/10,3/3/10,"8/2/11","10/14/11"
"9",1086,3/4/10,4/4/10,"8/2/11","10/14/11"
"9",1099,4/5/10,5/3/10,"8/2/11","10/14/11"
"9",1304,5/4/10,6/2/10,"8/2/11","10/14/11"
"9",1669,6/3/10,7/1/10,"8/2/11","10/14/11"
"9",2059,7/2/10,8/2/10,"8/2/11","10/14/11"
"9",1496,8/3/10,9/1/10,"8/2/11","10/14/11"
"9",1616,9/2/10,10/3/10,"8/2/11","10/14/11"
"9",1581,10/4/10,11/1/10,"8/2/11","10/14/11"
"9",1800,11/2/10,12/2/10,"8/2/11","10/14/11"
"9",1548,12/3/10,1/2/11,"8/2/11","10/14/11"
"9",1152,1/3/11,2/1/11,"8/2/11","10/14/11"
"9",1051,2/2/11,3/3/11,"8/2/11","10/14/11"
"9",1191,3/4/11,4/3/11,"8/2/11","10/14/11"
"9",1474,4/4/11,5/3/11,"8/2/11","10/14/11"
"9",1099,5/4/11,6/2/11,"8/2/11","10/14/11"
"9",1784,6/3/11,7/4/11,"8/2/11","10/14/11"
"9",1565,7/5/11,8/2/11,"8/2/11","10/14/11"
"9",1242,8/3/11,8/31/11,"8/2/11","10/14/11"
"9",1068,9/1/11,10/2/11,"8/2/11","10/14/11"
"9",1090,10/3/11,10/31/11,"8/2/11","10/14/11"
"9",1334,11/1/11,12/1/11,"8/2/11","10/14/11"
"9",1278,12/2/11,1/2/12,"8/2/11","10/14/11"
"9",1043,1/3/12,1/31/12,"8/2/11","10/14/11"
"9",911,2/1/12,3/1/12,"8/2/11","10/14/11"
"9",1180,3/2/12,4/1/12,"8/2/11","10/14/11"
"9",1053,4/2/12,5/1/12,"8/2/11","10/14/11"
"9",1225,5/2/12,5/31/12,"8/2/11","10/14/11"
"9",1298,6/1/12,7/1/12,"8/2/11","10/14/11"
"9",1119,7/2/12,7/31/12,"8/2/11","10/14/11"
"9",983,8/1/12,8/29/12,"8/2/11","10/14/11"
"9",1042,8/30/12,9/30/12,"8/2/11","10/14/11"
"9",941,10/1/12,10/29/12,"8/2/11","10/14/11"
"9",993,10/30/12,11/29/12,"8/2/11","10/14/11"
"9",1307,11/30/12,1/1/13,"8/2/11","10/14/11"
"9",1106,1/2/13,1/30/13,"8/2/11","10/14/11"
"9",1333,1/31/13,3/3/13,"8/2/11","10/14/11"
"9",829,3/4/13,4/1/13,"8/2/11","10/14/11"
"11b",318,1/16/08,2/11/08,"8/24/11","7/27/12"
"11b",323,2/12/08,3/13/08,"8/24/11","7/27/12"
"11b",266,3/14/08,4/11/08,"8/24/11","7/27/12"
"11b",263,4/12/08,5/12/08,"8/24/11","7/27/12"
"11b",298,5/13/08,6/11/08,"8/24/11","7/27/12"
"11b",329,6/12/08,7/14/08,"8/24/11","7/27/12"
"11b",778,7/15/08,8/12/08,"8/24/11","7/27/12"
"11b",654,8/13/08,9/11/08,"8/24/11","7/27/12"
"11b",719,9/12/08,10/10/08,"8/24/11","7/27/12"
"11b",386,10/11/08,11/12/08,"8/24/11","7/27/12"
"11b",441,11/13/08,12/12/08,"8/24/11","7/27/12"
"11b",327,12/13/08,1/14/09,"8/24/11","7/27/12"
"11b",422,1/15/09,2/12/09,"8/24/11","7/27/12"
"11b",284,2/13/09,3/13/09,"8/24/11","7/27/12"
"11b",315,3/14/09,4/15/09,"8/24/11","7/27/12"
"11b",326,4/16/09,5/13/09,"8/24/11","7/27/12"
"11b",330,5/14/09,6/12/09,"8/24/11","7/27/12"
"11b",347,6/13/09,7/14/09,"8/24/11","7/27/12"
"11b",574,7/15/09,8/13/09,"8/24/11","7/27/12"
"11b",824,8/14/09,9/14/09,"8/24/11","7/27/12"
"11b",883,9/15/09,10/14/09,"8/24/11","7/27/12"
"11b",585,10/15/09,11/13/09,"8/24/11","7/27/12"
"11b",334,11/14/09,12/15/09,"8/24/11","7/27/12"
"11b",389,12/16/09,1/13/10,"8/24/11","7/27/12"
"11b",365,1/14/10,2/12/10,"8/24/11","7/27/12"
"11b",370,2/13/10,3/16/10,"8/24/11","7/27/12"
"11b",372,3/17/10,4/14/10,"8/24/11","7/27/12"
"11b",302,4/15/10,5/13/10,"8/24/11","7/27/12"
"11b",309,5/14/10,6/14/10,"8/24/11","7/27/12"
"11b",396,6/15/10,7/14/10,"8/24/11","7/27/12"
"11b",500,7/15/10,8/12/10,"8/24/11","7/27/12"
"11b",648,8/13/10,9/13/10,"8/24/11","7/27/12"
"11b",640,9/14/10,10/13/10,"8/24/11","7/27/12"
"11b",557,10/14/10,11/12/10,"8/24/11","7/27/12"
"11b",295,11/13/10,12/14/10,"8/24/11","7/27/12"
"11b",324,12/15/10,1/13/11,"8/24/11","7/27/12"
"11b",369,1/14/11,2/11/11,"8/24/11","7/27/12"
"11b",262,2/12/11,3/15/11,"8/24/11","7/27/12"
"11b",311,3/16/11,4/13/11,"8/24/11","7/27/12"
"11b",283,4/14/11,5/12/11,"8/24/11","7/27/12"
"11b",299,5/13/11,6/13/11,"8/24/11","7/27/12"
"11b",270,6/14/11,7/13/11,"8/24/11","7/27/12"
"11b",752,7/14/11,8/11/11,"8/24/11","7/27/12"
"11b",616,8/12/11,9/12/11,"8/24/11","7/27/12"
"11b",805,9/13/11,10/13/11,"8/24/11","7/27/12"
"11b",428,10/14/11,11/14/11,"8/24/11","7/27/12"
"11b",325,11/15/11,12/14/11,"8/24/11","7/27/12"
"11b",291,12/15/11,1/13/12,"8/24/11","7/27/12"
"11b",326,1/14/12,2/13/12,"8/24/11","7/27/12"
"11b",333,2/14/12,3/14/12,"8/24/11","7/27/12"
"11b",282,3/15/12,4/12/12,"8/24/11","7/27/12"
"11b",255,4/13/12,5/11/12,"8/24/11","7/27/12"
"11b",294,5/12/12,6/12/12,"8/24/11","7/27/12"
"11b",349,6/13/12,7/12/12,"8/24/11","7/27/12"
"11b",446,7/13/12,8/10/12,"8/24/11","7/27/12"
"11b",530,8/11/12,9/11/12,"8/24/11","7/27/12"
"11b",716,9/12/12,10/12/12,"8/24/11","7/27/12"
"11b",540,10/13/12,11/13/12,"8/24/11","7/27/12"
"11b",278,11/14/12,12/13/12,"8/24/11","7/27/12"
"11b",223,12/14/12,1/14/13,"8/24/11","7/27/12"
"11b",325,1/15/13,2/12/13,"8/24/11","7/27/12"
"11b",243,2/13/13,3/14/13,"8/24/11","7/27/12"
"11b",217,3/15/13,4/12/13,"8/24/11","7/27/12"
"11b",211,4/13/13,5/13/13,"8/24/11","7/27/12"
"11b",280,5/14/13,6/12/13,"8/24/11","7/27/12"
"11b",330,6/13/13,7/12/13,"8/24/11","7/27/12"
"11b",483,7/13/13,8/12/13,"8/24/11","7/27/12"
"11b",399,8/13/13,9/11/13,"8/24/11","7/27/12"
"11b",678,9/12/13,10/10/13,"8/24/11","7/27/12"
"11b",402,10/11/13,11/12/13,"8/24/11","7/27/12"
"12b",452,2/28/08,3/28/08,"10/10/11","2/28/12"
"12b",448,3/29/08,4/28/08,"10/10/11","2/28/12"
"12b",544,4/29/08,5/28/08,"10/10/11","2/28/12"
"12b",594,5/29/08,6/26/08,"10/10/11","2/28/12"
"12b",834,6/27/08,7/28/08,"10/10/11","2/28/12"
"12b",1219,7/29/08,8/26/08,"10/10/11","2/28/12"
"12b",1110,8/27/08,9/26/08,"10/10/11","2/28/12"
"12b",969,9/27/08,10/28/08,"10/10/11","2/28/12"
"12b",715,10/29/08,11/26/08,"10/10/11","2/28/12"
"12b",342,11/27/08,12/29/08,"10/10/11","2/28/12"
"12b",647,12/30/08,1/28/09,"10/10/11","2/28/12"
"12b",355,1/29/09,2/27/09,"10/10/11","2/28/12"
"12b",430,2/28/09,3/31/09,"10/10/11","2/28/12"
"12b",396,4/1/09,4/30/09,"10/10/11","2/28/12"
"12b",459,5/1/09,6/1/09,"10/10/11","2/28/12"
"12b",467,6/2/09,6/30/09,"10/10/11","2/28/12"
"12b",452,7/1/09,7/30/09,"10/10/11","2/28/12"
"12b",1237,7/31/09,8/28/09,"10/10/11","2/28/12"
"12b",940,8/29/09,9/28/09,"10/10/11","2/28/12"
"12b",1219,9/29/09,10/29/09,"10/10/11","2/28/12"
"12b",460,10/30/09,11/30/09,"10/10/11","2/28/12"
"12b",352,12/1/09,12/18/09,"10/10/11","2/28/12"
"12b",438,12/19/09,12/29/09,"10/10/11","2/28/12"
"12b",594,12/30/09,1/28/10,"10/10/11","2/28/12"
"12b",434,1/29/10,3/1/10,"10/10/11","2/28/12"
"12b",501,3/2/10,3/31/10,"10/10/11","2/28/12"
"12b",457,4/1/10,4/29/10,"10/10/11","2/28/12"
"12b",354,4/30/10,5/28/10,"10/10/11","2/28/12"
"12b",319,5/29/10,6/29/10,"10/10/11","2/28/12"
"12b",568,6/30/10,7/29/10,"10/10/11","2/28/12"
"12b",768,7/30/10,8/27/10,"10/10/11","2/28/12"
"12b",703,8/28/10,9/28/10,"10/10/11","2/28/12"
"12b",681,9/29/10,10/28/10,"10/10/11","2/28/12"
"12b",519,10/29/10,11/30/10,"10/10/11","2/28/12"
"12b",510,12/1/10,12/29/10,"10/10/11","2/28/12"
"12b",601,12/30/10,1/28/11,"10/10/11","2/28/12"
"12b",392,1/29/11,3/1/11,"10/10/11","2/28/12"
"12b",397,3/2/11,3/30/11,"10/10/11","2/28/12"
"12b",369,3/31/11,4/28/11,"10/10/11","2/28/12"
"12b",461,4/29/11,5/27/11,"10/10/11","2/28/12"
"12b",455,5/28/11,6/28/11,"10/10/11","2/28/12"
"12b",541,6/29/11,7/28/11,"10/10/11","2/28/12"
"12b",1053,7/29/11,8/26/11,"10/10/11","2/28/12"
"12b",933,8/27/11,9/27/11,"10/10/11","2/28/12"
"12b",1020,9/28/11,10/28/11,"10/10/11","2/28/12"
"12b",591,10/29/11,11/30/11,"10/10/11","2/28/12"
"12b",465,12/1/11,12/29/11,"10/10/11","2/28/12"
"12b",581,12/30/11,1/30/12,"10/10/11","2/28/12"
"12b",486,1/31/12,2/29/12,"10/10/11","2/28/12"
"12b",458,3/1/12,3/29/12,"10/10/11","2/28/12"
"12b",476,3/30/12,4/27/12,"10/10/11","2/28/12"
"12b",488,4/28/12,5/29/12,"10/10/11","2/28/12"
"12b",492,5/30/12,6/27/12,"10/10/11","2/28/12"
"12b",415,6/28/12,7/27/12,"10/10/11","2/28/12"
"12b",581,7/28/12,8/27/12,"10/10/11","2/28/12"
"12b",885,8/28/12,9/26/12,"10/10/11","2/28/12"
"12b",897,9/27/12,10/29/12,"10/10/11","2/28/12"
"12b",555,10/30/12,11/29/12,"10/10/11","2/28/12"
"12b",363,11/30/12,12/28/12,"10/10/11","2/28/12"
"12b",363,12/29/12,1/29/13,"10/10/11","2/28/12"
"12b",413,1/30/13,2/28/13,"10/10/11","2/28/12"
"12b",396,3/1/13,3/29/13,"10/10/11","2/28/12"
"12b",386,3/30/13,4/29/13,"10/10/11","2/28/12"
"12b",407,4/30/13,5/29/13,"10/10/11","2/28/12"
"12b",420,5/30/13,6/27/13,"10/10/11","2/28/12"
"12b",407,6/28/13,7/29/13,"10/10/11","2/28/12"
"12b",674,7/30/13,8/27/13,"10/10/11","2/28/12"
"12b",546,8/28/13,9/26/13,"10/10/11","2/28/12"
"12b",755,9/27/13,10/28/13,"10/10/11","2/28/12"
"12b",405,10/29/13,11/26/13,"10/10/11","2/28/12"
"15",516,2/29/08,3/28/08,"8/9/11","9/17/11"
"15",519,3/29/08,4/28/08,"8/9/11","9/17/11"
"15",571,4/29/08,5/28/08,"8/9/11","9/17/11"
"15",632,5/29/08,6/26/08,"8/9/11","9/17/11"
"15",799,6/27/08,7/28/08,"8/9/11","9/17/11"
"15",1090,7/29/08,8/26/08,"8/9/11","9/17/11"
"15",1017,8/27/08,9/25/08,"8/9/11","9/17/11"
"15",876,9/26/08,10/29/08,"8/9/11","9/17/11"
"15",664,10/30/08,11/26/08,"8/9/11","9/17/11"
"15",475,11/27/08,12/29/08,"8/9/11","9/17/11"
"15",707,12/30/08,1/28/09,"8/9/11","9/17/11"
"15",510,1/29/09,3/2/09,"8/9/11","9/17/11"
"15",557,3/3/09,3/31/09,"8/9/11","9/17/11"
"15",468,4/1/09,4/30/09,"8/9/11","9/17/11"
"15",486,5/1/09,6/1/09,"8/9/11","9/17/11"
"15",591,6/2/09,6/29/09,"8/9/11","9/17/11"
"15",505,6/30/09,7/29/09,"8/9/11","9/17/11"
"15",854,7/30/09,8/27/09,"8/9/11","9/17/11"
"15",880,8/28/09,9/28/09,"8/9/11","9/17/11"
"15",1224,9/29/09,10/28/09,"8/9/11","9/17/11"
"15",540,10/29/09,11/30/09,"8/9/11","9/17/11"
"15",430,12/1/09,12/3/09,"8/9/11","9/17/11"
"15",581,12/4/09,12/30/09,"8/9/11","9/17/11"
"15",651,12/31/09,1/29/10,"8/9/11","9/17/11"
"15",537,1/30/10,3/1/10,"8/9/11","9/17/11"
"15",505,3/2/10,3/31/10,"8/9/11","9/17/11"
"15",467,4/1/10,4/29/10,"8/9/11","9/17/11"
"15",482,4/30/10,5/28/10,"8/9/11","9/17/11"
"15",499,5/29/10,6/29/10,"8/9/11","9/17/11"
"15",516,6/30/10,7/29/10,"8/9/11","9/17/11"
"15",761,7/30/10,8/27/10,"8/9/11","9/17/11"
"15",822,8/28/10,9/28/10,"8/9/11","9/17/11"
"15",717,9/29/10,10/28/10,"8/9/11","9/17/11"
"15",639,10/29/10,11/30/10,"8/9/11","9/17/11"
"15",585,12/1/10,12/29/10,"8/9/11","9/17/11"
"15",740,12/30/10,1/28/11,"8/9/11","9/17/11"
"15",646,1/29/11,3/1/11,"8/9/11","9/17/11"
"15",665,3/2/11,3/30/11,"8/9/11","9/17/11"
"15",581,3/31/11,4/28/11,"8/9/11","9/17/11"
"15",571,4/29/11,5/27/11,"8/9/11","9/17/11"
"15",572,5/28/11,6/28/11,"8/9/11","9/17/11"
"15",636,6/29/11,7/28/11,"8/9/11","9/17/11"
"15",1056,7/29/11,8/26/11,"8/9/11","9/17/11"
"15",1026,8/27/11,9/27/11,"8/9/11","9/17/11"
"15",961,9/28/11,10/28/11,"8/9/11","9/17/11"
"15",568,10/29/11,11/30/11,"8/9/11","9/17/11"
"15",565,12/1/11,12/29/11,"8/9/11","9/17/11"
"15",732,12/30/11,1/30/12,"8/9/11","9/17/11"
"15",598,1/31/12,2/29/12,"8/9/11","9/17/11"
"15",483,3/1/12,3/29/12,"8/9/11","9/17/11"
"15",463,3/30/12,4/27/12,"8/9/11","9/17/11"
"15",459,4/28/12,5/29/12,"8/9/11","9/17/11"
"15",535,5/30/12,6/27/12,"8/9/11","9/17/11"
"15",640,6/28/12,7/27/12,"8/9/11","9/17/11"
"15",1158,7/28/12,8/27/12,"8/9/11","9/17/11"
"15",1330,8/28/12,9/26/12,"8/9/11","9/17/11"
"15",805,9/27/12,10/29/12,"8/9/11","9/17/11"
"15",571,10/30/12,11/29/12,"8/9/11","9/17/11"
"15",488,11/30/12,12/28/12,"8/9/11","9/17/11"
"15",619,12/29/12,1/29/13,"8/9/11","9/17/11"
"15",550,1/30/13,2/28/13,"8/9/11","9/17/11"
"15",468,3/1/13,3/29/13,"8/9/11","9/17/11"
"15",434,3/30/13,4/29/13,"8/9/11","9/17/11"
"15",472,4/30/13,5/29/13,"8/9/11","9/17/11"
"15",518,5/30/13,6/27/13,"8/9/11","9/17/11"
"15",541,6/28/13,7/29/13,"8/9/11","9/17/11"
"15",750,7/30/13,8/27/13,"8/9/11","9/17/11"
"15",624,8/28/13,9/26/13,"8/9/11","9/17/11"
"15",707,9/27/13,10/28/13,"8/9/11","9/17/11"
"15",467,10/29/13,11/26/13,"8/9/11","9/17/11"
"16",583,2/5/08,3/5/08,"12/1/11","2/15/12"
"16",559,3/6/08,4/4/08,"12/1/11","2/15/12"
"16",534,4/5/08,5/5/08,"12/1/11","2/15/12"
"16",593,5/6/08,6/4/08,"12/1/11","2/15/12"
"16",563,6/5/08,7/3/08,"12/1/11","2/15/12"
"16",822,7/4/08,8/4/08,"12/1/11","2/15/12"
"16",1007,8/5/08,9/3/08,"12/1/11","2/15/12"
"16",911,9/4/08,10/3/08,"12/1/11","2/15/12"
"16",831,10/4/08,11/5/08,"12/1/11","2/15/12"
"16",791,11/6/08,12/8/08,"12/1/11","2/15/12"
"16",753,12/9/08,1/7/09,"12/1/11","2/15/12"
"16",883,1/8/09,2/4/09,"12/1/11","2/15/12"
"16",711,2/5/09,3/9/09,"12/1/11","2/15/12"
"16",905,3/10/09,4/6/09,"12/1/11","2/15/12"
"16",649,4/7/09,5/6/09,"12/1/11","2/15/12"
"16",733,5/7/09,6/5/09,"12/1/11","2/15/12"
"16",760,6/6/09,7/7/09,"12/1/11","2/15/12"
"16",836,7/8/09,8/5/09,"12/1/11","2/15/12"
"16",1014,8/6/09,9/3/09,"12/1/11","2/15/12"
"16",931,9/4/09,10/5/09,"12/1/11","2/15/12"
"16",929,10/6/09,11/5/09,"12/1/11","2/15/12"
"16",756,11/6/09,12/7/09,"12/1/11","2/15/12"
"16",863,12/8/09,1/7/10,"12/1/11","2/15/12"
"16",965,1/8/10,2/4/10,"12/1/11","2/15/12"
"16",807,2/5/10,3/8/10,"12/1/11","2/15/12"
"16",859,3/9/10,4/7/10,"12/1/11","2/15/12"
"16",727,4/8/10,5/5/10,"12/1/11","2/15/12"
"16",658,5/6/10,6/4/10,"12/1/11","2/15/12"
"16",708,6/5/10,7/7/10,"12/1/11","2/15/12"
"16",980,7/8/10,8/4/10,"12/1/11","2/15/12"
"16",1046,8/5/10,9/2/10,"12/1/11","2/15/12"
"16",924,9/3/10,10/4/10,"12/1/11","2/15/12"
"16",908,10/5/10,11/3/10,"12/1/11","2/15/12"
"16",677,11/4/10,12/7/10,"12/1/11","2/15/12"
"16",776,12/8/10,1/5/11,"12/1/11","2/15/12"
"16",688,1/6/11,2/3/11,"12/1/11","2/15/12"
"16",636,2/4/11,3/7/11,"12/1/11","2/15/12"
"16",693,3/8/11,4/6/11,"12/1/11","2/15/12"
"16",622,4/7/11,5/5/11,"12/1/11","2/15/12"
"16",653,5/6/11,6/3/11,"12/1/11","2/15/12"
"16",634,6/4/11,7/6/11,"12/1/11","2/15/12"
"16",853,7/7/11,8/4/11,"12/1/11","2/15/12"
"16",796,8/5/11,9/1/11,"12/1/11","2/15/12"
"16",847,9/2/11,10/3/11,"12/1/11","2/15/12"
"16",512,10/4/11,11/1/11,"12/1/11","2/15/12"
"16",782,11/2/11,11/4/11,"12/1/11","2/15/12"
"16",691,11/5/11,12/7/11,"12/1/11","2/15/12"
"16",617,12/8/11,1/6/12,"12/1/11","2/15/12"
"16",622,1/7/12,2/6/12,"12/1/11","2/15/12"
"16",564,2/7/12,3/7/12,"12/1/11","2/15/12"
"16",526,3/8/12,4/5/12,"12/1/11","2/15/12"
"16",535,4/6/12,5/4/12,"12/1/11","2/15/12"
"16",573,5/5/12,6/5/12,"12/1/11","2/15/12"
"16",715,6/6/12,7/5/12,"12/1/11","2/15/12"
"16",765,7/6/12,8/3/12,"12/1/11","2/15/12"
"16",792,8/4/12,9/4/12,"12/1/11","2/15/12"
"16",1175,9/5/12,10/3/12,"12/1/11","2/15/12"
"16",912,10/4/12,11/5/12,"12/1/11","2/15/12"
"16",705,11/6/12,12/6/12,"12/1/11","2/15/12"
"16",593,12/7/12,1/7/13,"12/1/11","2/15/12"
"16",631,1/8/13,2/5/13,"12/1/11","2/15/12"
"16",507,2/6/13,3/7/13,"12/1/11","2/15/12"
"16",514,3/8/13,4/5/13,"12/1/11","2/15/12"
"16",528,4/6/13,5/6/13,"12/1/11","2/15/12"
"16",586,5/7/13,6/5/13,"12/1/11","2/15/12"
"16",592,6/6/13,7/5/13,"12/1/11","2/15/12"
"16",829,7/6/13,8/5/13,"12/1/11","2/15/12"
"16",998,8/6/13,9/4/13,"12/1/11","2/15/12"
"16",1012,9/5/13,10/3/13,"12/1/11","2/15/12"
"16",684,10/4/13,11/4/13,"12/1/11","2/15/12"
"17",283,1/10/09,2/9/09,"5/22/12","6/19/12"
"17",272,2/10/09,3/11/09,"5/22/12","6/19/12"
"17",221,3/12/09,4/9/09,"5/22/12","6/19/12"
"17",229,4/10/09,5/11/09,"5/22/12","6/19/12"
"17",190,5/12/09,6/10/09,"5/22/12","6/19/12"
"17",182,6/11/09,7/10/09,"5/22/12","6/19/12"
"17",461,7/11/09,8/10/09,"5/22/12","6/19/12"
"17",502,8/11/09,9/9/09,"5/22/12","6/19/12"
"17",326,9/10/09,10/8/09,"5/22/12","6/19/12"
"17",209,10/9/09,11/6/09,"5/22/12","6/19/12"
"17",372,11/7/09,12/9/09,"5/22/12","6/19/12"
"17",374,12/10/09,1/11/10,"5/22/12","6/19/12"
"17",359,1/12/10,2/9/10,"5/22/12","6/19/12"
"17",349,2/10/10,3/11/10,"5/22/12","6/19/12"
"17",267,3/12/10,4/9/10,"5/22/12","6/19/12"
"17",296,4/10/10,5/11/10,"5/22/12","6/19/12"
"17",258,5/12/10,6/10/10,"5/22/12","6/19/12"
"17",227,6/11/10,7/12/10,"5/22/12","6/19/12"
"17",317,7/13/10,8/10/10,"5/22/12","6/19/12"
"17",395,8/11/10,9/10/10,"5/22/12","6/19/12"
"17",317,9/11/10,10/11/10,"5/22/12","6/19/12"
"17",267,10/12/10,11/9/10,"5/22/12","6/19/12"
"17",367,11/10/10,12/9/10,"5/22/12","6/19/12"
"17",423,12/10/10,1/10/11,"5/22/12","6/19/12"
"17",331,1/11/11,2/9/11,"5/22/12","6/19/12"
"17",366,2/10/11,3/11/11,"5/22/12","6/19/12"
"17",340,3/12/11,4/11/11,"5/22/12","6/19/12"
"17",226,4/12/11,5/10/11,"5/22/12","6/19/12"
"17",285,5/11/11,6/10/11,"5/22/12","6/19/12"
"17",363,6/11/11,7/12/11,"5/22/12","6/19/12"
"17",305,7/13/11,8/10/11,"5/22/12","6/19/12"
"17",396,8/11/11,9/9/11,"5/22/12","6/19/12"
"17",266,9/10/11,10/10/11,"5/22/12","6/19/12"
"17",294,10/11/11,11/8/11,"5/22/12","6/19/12"
"17",367,11/9/11,12/8/11,"5/22/12","6/19/12"
"17",408,12/9/11,1/10/12,"5/22/12","6/19/12"
"17",345,1/11/12,2/8/12,"5/22/12","6/19/12"
"17",345,2/9/12,3/9/12,"5/22/12","6/19/12"
"17",306,3/10/12,4/9/12,"5/22/12","6/19/12"
"17",288,4/10/12,5/9/12,"5/22/12","6/19/12"
"17",230,5/10/12,6/8/12,"5/22/12","6/19/12"
"17",262,6/9/12,7/10/12,"5/22/12","6/19/12"
"17",295,7/11/12,8/8/12,"5/22/12","6/19/12"
"17",458,8/9/12,9/7/12,"5/22/12","6/19/12"
"17",356,9/8/12,10/8/12,"5/22/12","6/19/12"
"17",246,10/9/12,11/6/12,"5/22/12","6/19/12"
"17",320,11/7/12,12/7/12,"5/22/12","6/19/12"
"17",401,12/8/12,1/9/13,"5/22/12","6/19/12"
"17",323,1/10/13,2/7/13,"5/22/12","6/19/12"
"17",351,2/8/13,3/11/13,"5/22/12","6/19/12"
"17",263,3/12/13,4/8/13,"5/22/12","6/19/12"
"17",256,4/9/13,5/8/13,"5/22/12","6/19/12"
"17",235,5/9/13,6/8/13,"5/22/12","6/19/12"
"17",265,6/9/13,7/8/13,"5/22/12","6/19/12"
"17",222,7/9/13,8/8/13,"5/22/12","6/19/12"
"17",425,8/9/13,9/8/13,"5/22/12","6/19/12"
"18b",489,1/8/11,2/8/11,"4/26/12","6/1/12"
"18b",414,2/9/11,3/10/11,"4/26/12","6/1/12"
"18b",306,3/11/11,4/8/11,"4/26/12","6/1/12"
"18b",455,4/9/11,5/9/11,"4/26/12","6/1/12"
"18b",371,5/10/11,6/9/11,"4/26/12","6/1/12"
"18b",1028,6/10/11,7/11/11,"4/26/12","6/1/12"
"18b",757,7/12/11,8/9/11,"4/26/12","6/1/12"
"18b",993,8/10/11,9/8/11,"4/26/12","6/1/12"
"18b",535,9/9/11,10/7/11,"4/26/12","6/1/12"
"18b",401,10/8/11,11/7/11,"4/26/12","6/1/12"
"18b",393,11/8/11,12/7/11,"4/26/12","6/1/12"
"18b",752,12/8/11,1/9/12,"4/26/12","6/1/12"
"18b",445,1/10/12,2/7/12,"4/26/12","6/1/12"
"18b",420,2/8/12,3/8/12,"4/26/12","6/1/12"
"18b",347,3/9/12,4/6/12,"4/26/12","6/1/12"
"18b",328,4/7/12,5/8/12,"4/26/12","6/1/12"
"18b",508,5/9/12,6/7/12,"4/26/12","6/1/12"
"18b",829,6/8/12,7/9/12,"4/26/12","6/1/12"
"18b",1072,7/10/12,8/7/12,"4/26/12","6/1/12"
"18b",1336,8/8/12,9/6/12,"4/26/12","6/1/12"
"18b",742,9/7/12,10/5/12,"4/26/12","6/1/12"
"18b",487,10/6/12,11/5/12,"4/26/12","6/1/12"
"18b",373,11/6/12,12/6/12,"4/26/12","6/1/12"
"18b",513,12/7/12,1/8/13,"4/26/12","6/1/12"
"18b",341,1/9/13,2/6/13,"4/26/12","6/1/12"
"18b",282,2/7/13,3/8/13,"4/26/12","6/1/12"
"18b",345,3/9/13,4/8/13,"4/26/12","6/1/12"
"18b",411,4/9/13,5/8/13,"4/26/12","6/1/12"
"18b",674,5/9/13,6/8/13,"4/26/12","6/1/12"
"18b",1033,6/9/13,7/8/13,"4/26/12","6/1/12"
"18b",740,7/9/13,8/8/13,"4/26/12","6/1/12"
"18b",1234,8/9/13,9/8/13,"4/26/12","6/1/12"
"19b",303,1/8/09,2/5/09,"4/10/12","7/30/12"
"19b",360,2/6/09,3/9/09,"4/10/12","7/30/12"
"19b",282,3/10/09,4/7/09,"4/10/12","7/30/12"
"19b",298,4/8/09,5/7/09,"4/10/12","7/30/12"
"19b",262,5/8/09,6/8/09,"4/10/12","7/30/12"
"19b",333,6/9/09,7/8/09,"4/10/12","7/30/12"
"19b",766,7/9/09,8/6/09,"4/10/12","7/30/12"
"19b",724,8/7/09,9/4/09,"4/10/12","7/30/12"
"19b",594,9/5/09,10/6/09,"4/10/12","7/30/12"
"19b",298,10/7/09,11/4/09,"4/10/12","7/30/12"
"19b",359,11/5/09,12/7/09,"4/10/12","7/30/12"
"19b",345,12/8/09,1/7/10,"4/10/12","7/30/12"
"19b",326,1/8/10,2/5/10,"4/10/12","7/30/12"
"19b",356,2/6/10,3/9/10,"4/10/12","7/30/12"
"19b",286,3/10/10,4/7/10,"4/10/12","7/30/12"
"19b",279,4/8/10,5/7/10,"4/10/12","7/30/12"
"19b",288,5/8/10,6/8/10,"4/10/12","7/30/12"
"19b",267,6/9/10,7/8/10,"4/10/12","7/30/12"
"19b",389,7/9/10,8/6/10,"4/10/12","7/30/12"
"19b",610,8/7/10,9/8/10,"4/10/12","7/30/12"
"19b",389,9/9/10,10/7/10,"4/10/12","7/30/12"
"19b",305,10/8/10,11/5/10,"4/10/12","7/30/12"
"19b",351,11/6/10,12/7/10,"4/10/12","7/30/12"
"19b",356,12/8/10,1/6/11,"4/10/12","7/30/12"
"19b",348,1/7/11,2/7/11,"4/10/12","7/30/12"
"19b",338,2/8/11,3/9/11,"4/10/12","7/30/12"
"19b",291,3/10/11,4/7/11,"4/10/12","7/30/12"
"19b",290,4/8/11,5/6/11,"4/10/12","7/30/12"
"19b",295,5/7/11,6/8/11,"4/10/12","7/30/12"
"19b",439,6/9/11,7/8/11,"4/10/12","7/30/12"
"19b",509,7/9/11,8/8/11,"4/10/12","7/30/12"
"19b",561,8/9/11,9/7/11,"4/10/12","7/30/12"
"19b",277,9/8/11,10/6/11,"4/10/12","7/30/12"
"19b",292,10/7/11,11/4/11,"4/10/12","7/30/12"
"19b",355,11/5/11,12/6/11,"4/10/12","7/30/12"
"19b",339,12/7/11,1/6/12,"4/10/12","7/30/12"
"19b",348,1/7/12,2/6/12,"4/10/12","7/30/12"
"19b",338,2/7/12,3/7/12,"4/10/12","7/30/12"
"19b",299,3/8/12,4/5/12,"4/10/12","7/30/12"
"19b",299,4/6/12,5/7/12,"4/10/12","7/30/12"
"19b",283,5/8/12,6/6/12,"4/10/12","7/30/12"
"19b",228,6/7/12,7/6/12,"4/10/12","7/30/12"
"19b",347,7/7/12,8/6/12,"4/10/12","7/30/12"
"19b",676,8/7/12,9/5/12,"4/10/12","7/30/12"
"19b",514,9/6/12,10/4/12,"4/10/12","7/30/12"
"19b",279,10/5/12,11/2/12,"4/10/12","7/30/12"
"19b",316,11/3/12,12/5/12,"4/10/12","7/30/12"
"19b",355,12/6/12,1/7/13,"4/10/12","7/30/12"
"19b",319,1/8/13,2/5/13,"4/10/12","7/30/12"
"19b",320,2/6/13,3/7/13,"4/10/12","7/30/12"
"19b",274,3/8/13,4/5/13,"4/10/12","7/30/12"
"19b",314,4/6/13,5/5/13,"4/10/12","7/30/12"
"19b",284,5/6/13,6/5/13,"4/10/12","7/30/12"
"19b",380,6/6/13,7/5/13,"4/10/12","7/30/12"
"19b",324,7/6/13,8/5/13,"4/10/12","7/30/12"
"19b",559,8/6/13,9/5/13,"4/10/12","7/30/12"
"20",741,1/24/09,2/24/09,"5/2/12","5/23/12"
"20",648,2/25/09,3/25/09,"5/2/12","5/23/12"
"20",656,3/26/09,4/24/09,"5/2/12","5/23/12"
"20",600,4/25/09,5/26/09,"5/2/12","5/23/12"
"20",535,5/27/09,6/24/09,"5/2/12","5/23/12"
"20",533,6/25/09,7/24/09,"5/2/12","5/23/12"
"20",695,7/25/09,8/24/09,"5/2/12","5/23/12"
"20",936,8/25/09,9/23/09,"5/2/12","5/23/12"
"20",636,9/24/09,10/22/09,"5/2/12","5/23/12"
"20",700,10/23/09,11/23/09,"5/2/12","5/23/12"
"20",749,11/24/09,12/23/09,"5/2/12","5/23/12"
"20",878,12/24/09,1/25/10,"5/2/12","5/23/12"
"20",718,1/26/10,2/24/10,"5/2/12","5/23/12"
"20",621,2/25/10,3/25/10,"5/2/12","5/23/12"
"20",667,3/26/10,4/26/10,"5/2/12","5/23/12"
"20",592,4/27/10,5/25/10,"5/2/12","5/23/12"
"20",659,5/26/10,6/24/10,"5/2/12","5/23/12"
"20",769,6/25/10,7/26/10,"5/2/12","5/23/12"
"20",720,7/27/10,8/24/10,"5/2/12","5/23/12"
"20",668,8/25/10,9/24/10,"5/2/12","5/23/12"
"20",719,9/25/10,10/25/10,"5/2/12","5/23/12"
"20",679,10/26/10,11/23/10,"5/2/12","5/23/12"
"20",841,11/24/10,12/23/10,"5/2/12","5/23/12"
"20",846,12/24/10,1/25/11,"5/2/12","5/23/12"
"20",780,1/26/11,2/24/11,"5/2/12","5/23/12"
"20",687,2/25/11,3/25/11,"5/2/12","5/23/12"
"20",662,3/26/11,4/25/11,"5/2/12","5/23/12"
"20",644,4/26/11,5/25/11,"5/2/12","5/23/12"
"20",649,5/26/11,6/24/11,"5/2/12","5/23/12"
"20",833,6/25/11,7/26/11,"5/2/12","5/23/12"
"20",678,7/27/11,8/24/11,"5/2/12","5/23/12"
"20",817,8/25/11,9/23/11,"5/2/12","5/23/12"
"20",771,9/24/11,10/24/11,"5/2/12","5/23/12"
"20",779,10/25/11,11/22/11,"5/2/12","5/23/12"
"20",933,11/23/11,12/22/11,"5/2/12","5/23/12"
"20",985,12/23/11,1/24/12,"5/2/12","5/23/12"
"20",738,1/25/12,2/23/12,"5/2/12","5/23/12"
"20",698,2/24/12,3/23/12,"5/2/12","5/23/12"
"20",722,3/24/12,4/24/12,"5/2/12","5/23/12"
"20",578,4/25/12,5/23/12,"5/2/12","5/23/12"
"20",611,5/24/12,6/22/12,"5/2/12","5/23/12"
"20",678,6/23/12,7/24/12,"5/2/12","5/23/12"
"20",765,7/25/12,8/22/12,"5/2/12","5/23/12"
"20",892,8/23/12,9/21/12,"5/2/12","5/23/12"
"20",773,9/22/12,10/22/12,"5/2/12","5/23/12"
"20",622,10/23/12,11/20/12,"5/2/12","5/23/12"
"20",734,11/21/12,12/21/12,"5/2/12","5/23/12"
"20",849,12/22/12,1/23/13,"5/2/12","5/23/12"
"20",701,1/24/13,2/22/13,"5/2/12","5/23/12"
"20",693,2/23/13,3/22/13,"5/2/12","5/23/12"
"20",581,3/23/13,4/22/13,"5/2/12","5/23/12"
"20",683,4/23/13,5/22/13,"5/2/12","5/23/12"
"20",783,5/23/13,6/22/13,"5/2/12","5/23/12"
"20",843,6/23/13,7/22/13,"5/2/12","5/23/12"
"20",749,7/23/13,8/22/13,"5/2/12","5/23/12"
"20",1084,8/23/13,9/22/13,"5/2/12","5/23/12"
