site_number,therms,bill_start_date,bill_end_date,retrofit_start_date,retrofit_end_date
"1",152,1/17/09,2/17/09,"8/2/11","10/25/11"
"1",84,2/18/09,3/18/09,"8/2/11","10/25/11"
"1",57,3/19/09,4/19/09,"8/2/11","10/25/11"
"1",34,4/20/09,5/18/09,"8/2/11","10/25/11"
"1",31,5/19/09,6/16/09,"8/2/11","10/25/11"
"1",21,6/17/09,7/19/09,"8/2/11","10/25/11"
"1",23,7/20/09,8/17/09,"8/2/11","10/25/11"
"1",28,8/18/09,9/16/09,"8/2/11","10/25/11"
"1",27,9/17/09,10/15/09,"8/2/11","10/25/11"
"1",60,10/16/09,11/16/09,"8/2/11","10/25/11"
"1",171,11/17/09,12/16/09,"8/2/11","10/25/11"
"1",172,12/17/09,1/18/10,"8/2/11","10/25/11"
"1",109,1/19/10,2/17/10,"8/2/11","10/25/11"
"1",108,2/18/10,3/21/10,"8/2/11","10/25/11"
"1",85,3/22/10,4/19/10,"8/2/11","10/25/11"
"1",51,4/20/10,5/18/10,"8/2/11","10/25/11"
"1",40,5/19/10,6/17/10,"8/2/11","10/25/11"
"1",29,6/18/10,7/19/10,"8/2/11","10/25/11"
"1",27,7/20/10,8/18/10,"8/2/11","10/25/11"
"1",37,8/19/10,9/19/10,"8/2/11","10/25/11"
"1",33,9/20/10,10/18/10,"8/2/11","10/25/11"
"1",62,10/19/10,11/17/10,"8/2/11","10/25/11"
"1",154,11/18/10,12/19/10,"8/2/11","10/25/11"
"1",154,12/20/10,1/18/11,"8/2/11","10/25/11"
"1",120,1/19/11,2/16/11,"8/2/11","10/25/11"
"1",137,2/17/11,3/20/11,"8/2/11","10/25/11"
"1",83,3/21/11,4/19/11,"8/2/11","10/25/11"
"1",54,4/20/11,5/18/11,"8/2/11","10/25/11"
"1",51,5/19/11,6/19/11,"8/2/11","10/25/11"
"1",33,6/20/11,7/19/11,"8/2/11","10/25/11"
"1",29,7/20/11,8/17/11,"8/2/11","10/25/11"
"1",31,8/18/11,9/18/11,"8/2/11","10/25/11"
"1",30,9/19/11,10/17/11,"8/2/11","10/25/11"
"1",57,10/18/11,11/16/11,"8/2/11","10/25/11"
"1",113,11/17/11,12/15/11,"8/2/11","10/25/11"
"1",146,12/16/11,1/17/12,"8/2/11","10/25/11"
"1",110,1/18/12,2/15/12,"8/2/11","10/25/11"
"1",116,2/16/12,3/18/12,"8/2/11","10/25/11"
"1",78,3/19/12,4/16/12,"8/2/11","10/25/11"
"1",41,4/17/12,5/16/12,"8/2/11","10/25/11"
"1",40,5/17/12,6/17/12,"8/2/11","10/25/11"
"1",30,6/18/12,7/17/12,"8/2/11","10/25/11"
"1",25,7/18/12,8/15/12,"8/2/11","10/25/11"
"1",30,8/16/12,9/16/12,"8/2/11","10/25/11"
"1",24,9/17/12,10/15/12,"8/2/11","10/25/11"
"1",58,10/16/12,11/14/12,"8/2/11","10/25/11"
"1",134,11/15/12,12/16/12,"8/2/11","10/25/11"
"1",182,12/17/12,1/15/13,"8/2/11","10/25/11"
"1",103,1/16/13,2/14/13,"8/2/11","10/25/11"
"1",86,2/15/13,3/18/13,"8/2/11","10/25/11"
"1",56,3/19/13,4/17/13,"8/2/11","10/25/11"
"2",159,1/16/10,2/12/10,"6/15/11","9/10/11"
"2",106,2/13/10,3/15/10,"6/15/11","9/10/11"
"2",74,3/16/10,4/16/10,"6/15/11","9/10/11"
"2",44,4/17/10,5/14/10,"6/15/11","9/10/11"
"2",28,5/15/10,6/14/10,"6/15/11","9/10/11"
"2",8,6/15/10,7/16/10,"6/15/11","9/10/11"
"2",6,7/17/10,8/16/10,"6/15/11","9/10/11"
"2",7,8/17/10,9/15/10,"6/15/11","9/10/11"
"2",10,9/16/10,10/14/10,"6/15/11","9/10/11"
"2",45,10/15/10,11/14/10,"6/15/11","9/10/11"
"2",94,11/15/10,12/14/10,"6/15/11","9/10/11"
"2",119,12/15/10,1/12/11,"6/15/11","9/10/11"
"2",97,1/13/11,2/14/11,"6/15/11","9/10/11"
"2",91,2/15/11,3/15/11,"6/15/11","9/10/11"
"2",68,3/16/11,4/17/11,"6/15/11","9/10/11"
"2",31,4/18/11,5/15/11,"6/15/11","9/10/11"
"2",30,5/16/11,6/14/11,"6/15/11","9/10/11"
"2",8,6/15/11,7/15/11,"6/15/11","9/10/11"
"2",0,7/16/11,8/14/11,"6/15/11","9/10/11"
"2",1,8/15/11,9/13/11,"6/15/11","9/10/11"
"2",9,9/14/11,10/12/11,"6/15/11","9/10/11"
"2",24,10/13/11,11/13/11,"6/15/11","9/10/11"
"2",51,11/14/11,12/12/11,"6/15/11","9/10/11"
"2",59,12/13/11,1/11/12,"6/15/11","9/10/11"
"2",57,1/12/12,2/12/12,"6/15/11","9/10/11"
"2",40,2/13/12,3/13/12,"6/15/11","9/10/11"
"2",39,3/14/12,4/11/12,"6/15/11","9/10/11"
"2",16,4/12/12,5/13/12,"6/15/11","9/10/11"
"2",9,5/14/12,6/12/12,"6/15/11","9/10/11"
"2",6,6/13/12,7/12/12,"6/15/11","9/10/11"
"2",4,7/13/12,8/12/12,"6/15/11","9/10/11"
"2",6,8/13/12,9/11/12,"6/15/11","9/10/11"
"2",5,9/12/12,10/10/12,"6/15/11","9/10/11"
"2",17,10/11/12,11/8/12,"6/15/11","9/10/11"
"2",43,11/9/12,12/11/12,"6/15/11","9/10/11"
"2",68,12/12/12,1/10/13,"6/15/11","9/10/11"
"2",69,1/11/13,2/11/13,"6/15/11","9/10/11"
"2",43,2/12/13,3/13/13,"6/15/11","9/10/11"
"2",19,3/14/13,4/11/13,"6/15/11","9/10/11"
"3",89,1/7/09,2/4/09,"10/1/11","11/21/11"
"3",111,2/5/09,3/8/09,"10/1/11","11/21/11"
"3",62,3/9/09,4/7/09,"10/1/11","11/21/11"
"3",45,4/8/09,5/6/09,"10/1/11","11/21/11"
"3",30,5/7/09,6/7/09,"10/1/11","11/21/11"
"3",28,6/8/09,7/7/09,"10/1/11","11/21/11"
"3",28,7/8/09,8/6/09,"10/1/11","11/21/11"
"3",27,8/7/09,9/3/09,"10/1/11","11/21/11"
"3",30,9/4/09,10/5/09,"10/1/11","11/21/11"
"3",43,10/6/09,11/3/09,"10/1/11","11/21/11"
"3",102,11/4/09,12/4/09,"10/1/11","11/21/11"
"3",140,12/5/09,1/5/10,"10/1/11","11/21/11"
"3",110,1/6/10,2/4/10,"10/1/11","11/21/11"
"3",103,2/5/10,3/8/10,"10/1/11","11/21/11"
"3",86,3/9/10,4/7/10,"10/1/11","11/21/11"
"3",57,4/8/10,5/6/10,"10/1/11","11/21/11"
"3",57,5/7/10,6/7/10,"10/1/11","11/21/11"
"3",22,6/8/10,7/7/10,"10/1/11","11/21/11"
"3",31,7/8/10,8/8/10,"10/1/11","11/21/11"
"3",34,8/9/10,9/7/10,"10/1/11","11/21/11"
"3",37,9/8/10,10/6/10,"10/1/11","11/21/11"
"3",37,10/7/10,11/4/10,"10/1/11","11/21/11"
"3",149,11/5/10,12/7/10,"10/1/11","11/21/11"
"3",139,12/8/10,1/5/11,"10/1/11","11/21/11"
"3",100,1/6/11,2/6/11,"10/1/11","11/21/11"
"3",139,2/7/11,3/8/11,"10/1/11","11/21/11"
"3",91,3/9/11,4/6/11,"10/1/11","11/21/11"
"3",69,4/7/11,5/8/11,"10/1/11","11/21/11"
"3",74,5/9/11,6/7/11,"10/1/11","11/21/11"
"3",31,6/8/11,7/7/11,"10/1/11","11/21/11"
"3",35,7/8/11,8/7/11,"10/1/11","11/21/11"
"3",26,8/8/11,9/6/11,"10/1/11","11/21/11"
"3",21,9/7/11,10/5/11,"10/1/11","11/21/11"
"3",31,10/6/11,11/3/11,"10/1/11","11/21/11"
"3",103,11/4/11,12/5/11,"10/1/11","11/21/11"
"3",117,12/6/11,1/5/12,"10/1/11","11/21/11"
"3",85,1/6/12,2/5/12,"10/1/11","11/21/11"
"3",83,2/6/12,3/6/12,"10/1/11","11/21/11"
"3",74,3/7/12,4/4/12,"10/1/11","11/21/11"
"3",42,4/5/12,5/6/12,"10/1/11","11/21/11"
"3",30,5/7/12,6/6/12,"10/1/11","11/21/11"
"3",21,6/7/12,7/6/12,"10/1/11","11/21/11"
"3",22,7/7/12,8/5/12,"10/1/11","11/21/11"
"3",26,8/6/12,9/4/12,"10/1/11","11/21/11"
"3",13,9/5/12,10/3/12,"10/1/11","11/21/11"
"3",21,10/4/12,11/2/12,"10/1/11","11/21/11"
"3",70,11/3/12,12/4/12,"10/1/11","11/21/11"
"3",122,12/5/12,1/4/13,"10/1/11","11/21/11"
"3",96,1/5/13,2/4/13,"10/1/11","11/21/11"
"3",67,2/5/13,3/6/13,"10/1/11","11/21/11"
"3",55,3/7/13,4/4/13,"10/1/11","11/21/11"
"4",69,12/23/08,1/21/09,"8/23/11","10/27/11"
"4",130,1/22/09,2/22/09,"8/23/11","10/27/11"
"4",91,2/23/09,3/23/09,"8/23/11","10/27/11"
"4",51,3/24/09,4/23/09,"8/23/11","10/27/11"
"4",36,4/24/09,5/22/09,"8/23/11","10/27/11"
"4",26,5/23/09,6/22/09,"8/23/11","10/27/11"
"4",8,6/23/09,7/23/09,"8/23/11","10/27/11"
"4",11,7/24/09,8/20/09,"8/23/11","10/27/11"
"4",24,8/21/09,9/21/09,"8/23/11","10/27/11"
"4",27,9/22/09,10/20/09,"8/23/11","10/27/11"
"4",63,10/21/09,11/20/09,"8/23/11","10/27/11"
"4",112,11/21/09,12/21/09,"8/23/11","10/27/11"
"4",122,12/22/09,1/21/10,"8/23/11","10/27/11"
"4",102,1/22/10,2/22/10,"8/23/11","10/27/11"
"4",87,2/23/10,3/25/10,"8/23/11","10/27/11"
"4",64,3/26/10,4/22/10,"8/23/11","10/27/11"
"4",47,4/23/10,5/23/10,"8/23/11","10/27/11"
"4",23,5/24/10,6/22/10,"8/23/11","10/27/11"
"4",27,6/23/10,7/23/10,"8/23/11","10/27/11"
"4",27,7/24/10,8/23/10,"8/23/11","10/27/11"
"4",24,8/24/10,9/23/10,"8/23/11","10/27/11"
"4",20,9/24/10,10/20/10,"8/23/11","10/27/11"
"4",64,10/21/10,11/21/10,"8/23/11","10/27/11"
"4",114,11/22/10,12/22/10,"8/23/11","10/27/11"
"4",133,12/23/10,1/23/11,"8/23/11","10/27/11"
"4",108,1/24/11,2/22/11,"8/23/11","10/27/11"
"4",86,2/23/11,3/23/11,"8/23/11","10/27/11"
"4",57,3/24/11,4/24/11,"8/23/11","10/27/11"
"4",34,4/25/11,5/23/11,"8/23/11","10/27/11"
"4",26,5/24/11,6/22/11,"8/23/11","10/27/11"
"4",13,6/23/11,7/24/11,"8/23/11","10/27/11"
"4",11,7/25/11,8/22/11,"8/23/11","10/27/11"
"4",20,8/23/11,9/21/11,"8/23/11","10/27/11"
"4",20,9/22/11,10/20/11,"8/23/11","10/27/11"
"4",48,10/21/11,11/20/11,"8/23/11","10/27/11"
"4",64,11/21/11,12/20/11,"8/23/11","10/27/11"
"4",79,12/21/11,1/22/12,"8/23/11","10/27/11"
"4",63,1/23/12,2/21/12,"8/23/11","10/27/11"
"4",58,2/22/12,3/21/12,"8/23/11","10/27/11"
"4",45,3/22/12,4/22/12,"8/23/11","10/27/11"
"4",21,4/23/12,5/21/12,"8/23/11","10/27/11"
"4",18,5/22/12,6/20/12,"8/23/11","10/27/11"
"4",6,6/21/12,7/22/12,"8/23/11","10/27/11"
"4",15,7/23/12,8/20/12,"8/23/11","10/27/11"
"4",15,8/21/12,9/19/12,"8/23/11","10/27/11"
"4",18,9/20/12,10/18/12,"8/23/11","10/27/11"
"4",38,10/19/12,11/18/12,"8/23/11","10/27/11"
"4",59,11/19/12,12/19/12,"8/23/11","10/27/11"
"4",82,12/20/12,1/21/13,"8/23/11","10/27/11"
"4",69,1/22/13,2/20/13,"8/23/11","10/27/11"
"4",50,2/21/13,3/21/13,"8/23/11","10/27/11"
"5",62,12/31/08,1/29/09,"6/16/11","9/9/11"
"5",82,1/30/09,3/2/09,"6/16/11","9/9/11"
"5",61,3/3/09,4/1/09,"6/16/11","9/9/11"
"5",27,4/2/09,4/30/09,"6/16/11","9/9/11"
"5",21,5/1/09,6/1/09,"6/16/11","9/9/11"
"5",18,6/2/09,6/30/09,"6/16/11","9/9/11"
"5",18,7/1/09,7/30/09,"6/16/11","9/9/11"
"5",19,7/31/09,8/31/09,"6/16/11","9/9/11"
"5",16,9/1/09,9/29/09,"6/16/11","9/9/11"
"5",15,9/30/09,10/29/09,"6/16/11","9/9/11"
"5",45,10/30/09,12/1/09,"6/16/11","9/9/11"
"5",82,12/2/09,12/30/09,"6/16/11","9/9/11"
"5",85,12/31/09,1/31/10,"6/16/11","9/9/11"
"5",63,2/1/10,3/2/10,"6/16/11","9/9/11"
"5",44,3/3/10,4/1/10,"6/16/11","9/9/11"
"5",36,4/2/10,5/2/10,"6/16/11","9/9/11"
"5",21,5/3/10,6/1/10,"6/16/11","9/9/11"
"5",15,6/2/10,6/30/10,"6/16/11","9/9/11"
"5",18,7/1/10,8/1/10,"6/16/11","9/9/11"
"5",16,8/2/10,8/31/10,"6/16/11","9/9/11"
"5",15,9/1/10,9/30/10,"6/16/11","9/9/11"
"5",18,10/1/10,10/31/10,"6/16/11","9/9/11"
"5",56,11/1/10,12/1/10,"6/16/11","9/9/11"
"5",71,12/2/10,1/2/11,"6/16/11","9/9/11"
"5",75,1/3/11,1/31/11,"6/16/11","9/9/11"
"5",81,2/1/11,3/2/11,"6/16/11","9/9/11"
"5",51,3/3/11,3/31/11,"6/16/11","9/9/11"
"5",30,4/1/11,5/2/11,"6/16/11","9/9/11"
"5",21,5/3/11,6/1/11,"6/16/11","9/9/11"
"5",11,6/2/11,7/1/11,"6/16/11","9/9/11"
"5",9,7/2/11,8/1/11,"6/16/11","9/9/11"
"5",10,8/2/11,8/31/11,"6/16/11","9/9/11"
"5",6,9/1/11,10/2/11,"6/16/11","9/9/11"
"5",9,10/3/11,10/30/11,"6/16/11","9/9/11"
"5",46,10/31/11,11/30/11,"6/16/11","9/9/11"
"5",90,12/1/11,12/29/11,"6/16/11","9/9/11"
"5",89,12/30/11,1/29/12,"6/16/11","9/9/11"
"5",70,1/30/12,2/29/12,"6/16/11","9/9/11"
"5",55,3/1/12,3/29/12,"6/16/11","9/9/11"
"5",30,3/30/12,4/29/12,"6/16/11","9/9/11"
"5",11,4/30/12,5/29/12,"6/16/11","9/9/11"
"5",9,5/30/12,6/28/12,"6/16/11","9/9/11"
"5",9,6/29/12,7/30/12,"6/16/11","9/9/11"
"5",7,7/31/12,8/28/12,"6/16/11","9/9/11"
"5",9,8/29/12,9/27/12,"6/16/11","9/9/11"
"5",10,9/28/12,10/28/12,"6/16/11","9/9/11"
"5",38,10/29/12,11/28/12,"6/16/11","9/9/11"
"5",70,11/29/12,12/30/12,"6/16/11","9/9/11"
"5",94,12/31/12,1/29/13,"6/16/11","9/9/11"
"5",70,1/30/13,2/28/13,"6/16/11","9/9/11"
"5",37,3/1/13,3/30/13,"6/16/11","9/9/11"
"6",117,12/30/08,1/29/09,"1/17/12","2/15/12"
"6",81,1/30/09,3/2/09,"1/17/12","2/15/12"
"6",56,3/3/09,4/1/09,"1/17/12","2/15/12"
"6",24,4/2/09,4/29/09,"1/17/12","2/15/12"
"6",26,4/30/09,6/1/09,"1/17/12","2/15/12"
"6",6,6/2/09,6/30/09,"1/17/12","2/15/12"
"6",6,7/1/09,7/30/09,"1/17/12","2/15/12"
"6",6,7/31/09,8/30/09,"1/17/12","2/15/12"
"6",5,8/31/09,9/29/09,"1/17/12","2/15/12"
"6",15,9/30/09,10/28/09,"1/17/12","2/15/12"
"6",59,10/29/09,11/30/09,"1/17/12","2/15/12"
"6",114,12/1/09,12/29/09,"1/17/12","2/15/12"
"6",111,12/30/09,1/31/10,"1/17/12","2/15/12"
"6",71,2/1/10,3/1/10,"1/17/12","2/15/12"
"6",59,3/2/10,4/1/10,"1/17/12","2/15/12"
"6",54,4/2/10,5/2/10,"1/17/12","2/15/12"
"6",31,5/3/10,6/2/10,"1/17/12","2/15/12"
"6",7,6/3/10,6/30/10,"1/17/12","2/15/12"
"6",7,7/1/10,8/2/10,"1/17/12","2/15/12"
"6",5,8/3/10,8/31/10,"1/17/12","2/15/12"
"6",6,9/1/10,9/30/10,"1/17/12","2/15/12"
"6",23,10/1/10,11/1/10,"1/17/12","2/15/12"
"6",62,11/2/10,12/1/10,"1/17/12","2/15/12"
"6",113,12/2/10,1/2/11,"1/17/12","2/15/12"
"6",123,1/3/11,2/1/11,"1/17/12","2/15/12"
"6",105,2/2/11,3/1/11,"1/17/12","2/15/12"
"6",84,3/2/11,4/3/11,"1/17/12","2/15/12"
"6",45,4/4/11,5/2/11,"1/17/12","2/15/12"
"6",36,5/3/11,6/1/11,"1/17/12","2/15/12"
"6",15,6/2/11,6/30/11,"1/17/12","2/15/12"
"6",7,7/1/11,8/1/11,"1/17/12","2/15/12"
"6",5,8/2/11,8/30/11,"1/17/12","2/15/12"
"6",7,8/31/11,9/29/11,"1/17/12","2/15/12"
"6",22,9/30/11,10/31/11,"1/17/12","2/15/12"
"6",73,11/1/11,11/29/11,"1/17/12","2/15/12"
"6",130,11/30/11,12/29/11,"1/17/12","2/15/12"
"6",123,12/30/11,1/30/12,"1/17/12","2/15/12"
"6",67,1/31/12,2/29/12,"1/17/12","2/15/12"
"6",55,3/1/12,3/29/12,"1/17/12","2/15/12"
"6",27,3/30/12,4/30/12,"1/17/12","2/15/12"
"6",14,5/1/12,5/30/12,"1/17/12","2/15/12"
"6",9,5/31/12,6/28/12,"1/17/12","2/15/12"
"6",8,6/29/12,7/30/12,"1/17/12","2/15/12"
"6",5,7/31/12,8/29/12,"1/17/12","2/15/12"
"6",11,8/30/12,9/27/12,"1/17/12","2/15/12"
"6",16,9/28/12,10/28/12,"1/17/12","2/15/12"
"6",41,10/29/12,11/28/12,"1/17/12","2/15/12"
"6",85,11/29/12,12/30/12,"1/17/12","2/15/12"
"6",104,12/31/12,1/29/13,"1/17/12","2/15/12"
"6",76,1/30/13,2/28/13,"1/17/12","2/15/12"
"6",47,3/1/13,3/31/13,"1/17/12","2/15/12"
"8",173,12/13/08,1/12/09,"1/21/12","3/16/12"
"8",130,1/13/09,2/11/09,"1/21/12","3/16/12"
"8",127,2/12/09,3/15/09,"1/21/12","3/16/12"
"8",79,3/16/09,4/14/09,"1/21/12","3/16/12"
"8",41,4/15/09,5/14/09,"1/21/12","3/16/12"
"8",11,5/15/09,6/15/09,"1/21/12","3/16/12"
"8",7,6/16/09,7/15/09,"1/21/12","3/16/12"
"8",7,7/16/09,8/12/09,"1/21/12","3/16/12"
"8",9,8/13/09,9/13/09,"1/21/12","3/16/12"
"8",22,9/14/09,10/12/09,"1/21/12","3/16/12"
"8",46,10/13/09,11/11/09,"1/21/12","3/16/12"
"8",134,11/12/09,12/13/09,"1/21/12","3/16/12"
"8",227,12/14/09,1/12/10,"1/21/12","3/16/12"
"8",26,1/13/10,2/11/10,"1/21/12","3/16/12"
"8",117,2/12/10,3/15/10,"1/21/12","3/16/12"
"8",82,3/16/10,4/14/10,"1/21/12","3/16/12"
"8",55,4/15/10,5/13/10,"1/21/12","3/16/12"
"8",31,5/14/10,6/14/10,"1/21/12","3/16/12"
"8",12,6/15/10,7/15/10,"1/21/12","3/16/12"
"8",8,7/16/10,8/15/10,"1/21/12","3/16/12"
"8",7,8/16/10,9/14/10,"1/21/12","3/16/12"
"8",9,9/15/10,10/13/10,"1/21/12","3/16/12"
"8",43,10/14/10,11/14/10,"1/21/12","3/16/12"
"8",93,11/15/10,12/14/10,"1/21/12","3/16/12"
"8",123,12/15/10,1/12/11,"1/21/12","3/16/12"
"8",103,1/13/11,2/13/11,"1/21/12","3/16/12"
"8",110,2/14/11,3/15/11,"1/21/12","3/16/12"
"8",86,3/16/11,4/14/11,"1/21/12","3/16/12"
"8",34,4/15/11,5/15/11,"1/21/12","3/16/12"
"8",28,5/16/11,6/14/11,"1/21/12","3/16/12"
"8",9,6/15/11,7/14/11,"1/21/12","3/16/12"
"8",7,7/15/11,8/14/11,"1/21/12","3/16/12"
"8",7,8/15/11,9/13/11,"1/21/12","3/16/12"
"8",7,9/14/11,10/12/11,"1/21/12","3/16/12"
"8",40,10/13/11,11/13/11,"1/21/12","3/16/12"
"8",98,11/14/11,12/12/11,"1/21/12","3/16/12"
"8",110,12/13/11,1/11/12,"1/21/12","3/16/12"
"8",102,1/12/12,2/12/12,"1/21/12","3/16/12"
"8",68,2/13/12,3/13/12,"1/21/12","3/16/12"
"8",54,3/14/12,4/11/12,"1/21/12","3/16/12"
"8",27,4/12/12,5/13/12,"1/21/12","3/16/12"
"8",18,5/14/12,6/12/12,"1/21/12","3/16/12"
"8",11,6/13/12,7/12/12,"1/21/12","3/16/12"
"8",11,7/13/12,8/12/12,"1/21/12","3/16/12"
"8",8,8/13/12,9/11/12,"1/21/12","3/16/12"
"8",14,9/12/12,10/10/12,"1/21/12","3/16/12"
"8",28,10/11/12,11/8/12,"1/21/12","3/16/12"
"8",63,11/9/12,12/11/12,"1/21/12","3/16/12"
"8",139,12/12/12,1/10/13,"1/21/12","3/16/12"
"8",124,1/11/13,2/11/13,"1/21/12","3/16/12"
"8",79,2/12/13,3/13/13,"1/21/12","3/16/12"
"9",126,1/1/09,2/1/09,"8/2/11","10/14/11"
"9",90,2/2/09,3/3/09,"8/2/11","10/14/11"
"9",59,3/4/09,4/2/09,"8/2/11","10/14/11"
"9",40,4/3/09,5/3/09,"8/2/11","10/14/11"
"9",14,5/4/09,6/2/09,"8/2/11","10/14/11"
"9",12,6/3/09,7/1/09,"8/2/11","10/14/11"
"9",14,7/2/09,8/3/09,"8/2/11","10/14/11"
"9",11,8/4/09,8/31/09,"8/2/11","10/14/11"
"9",13,9/1/09,10/1/09,"8/2/11","10/14/11"
"9",11,10/2/09,10/29/09,"8/2/11","10/14/11"
"9",135,10/30/09,12/1/09,"8/2/11","10/14/11"
"9",137,12/2/09,12/30/09,"8/2/11","10/14/11"
"9",153,12/31/09,2/1/10,"8/2/11","10/14/11"
"9",93,2/2/10,3/4/10,"8/2/11","10/14/11"
"9",97,3/5/10,4/5/10,"8/2/11","10/14/11"
"9",48,4/6/10,5/4/10,"8/2/11","10/14/11"
"9",30,5/5/10,6/2/10,"8/2/11","10/14/11"
"9",21,6/3/10,7/1/10,"8/2/11","10/14/11"
"9",20,7/2/10,8/3/10,"8/2/11","10/14/11"
"9",21,8/4/10,9/1/10,"8/2/11","10/14/11"
"9",15,9/2/10,10/3/10,"8/2/11","10/14/11"
"9",34,10/4/10,11/1/10,"8/2/11","10/14/11"
"9",110,11/2/10,12/2/10,"8/2/11","10/14/11"
"9",92,12/3/10,1/2/11,"8/2/11","10/14/11"
"9",141,1/3/11,2/2/11,"8/2/11","10/14/11"
"9",120,2/3/11,3/4/11,"8/2/11","10/14/11"
"9",75,3/5/11,4/3/11,"8/2/11","10/14/11"
"9",45,4/4/11,5/3/11,"8/2/11","10/14/11"
"9",35,5/4/11,6/3/11,"8/2/11","10/14/11"
"9",24,6/4/11,7/4/11,"8/2/11","10/14/11"
"9",18,7/5/11,8/2/11,"8/2/11","10/14/11"
"9",18,8/3/11,8/31/11,"8/2/11","10/14/11"
"9",17,9/1/11,10/2/11,"8/2/11","10/14/11"
"9",25,10/3/11,10/31/11,"8/2/11","10/14/11"
"9",66,11/1/11,12/1/11,"8/2/11","10/14/11"
"9",97,12/2/11,1/2/12,"8/2/11","10/14/11"
"9",66,1/3/12,1/31/12,"8/2/11","10/14/11"
"9",68,2/1/12,3/1/12,"8/2/11","10/14/11"
"9",60,3/2/12,4/1/12,"8/2/11","10/14/11"
"9",26,4/2/12,5/1/12,"8/2/11","10/14/11"
"9",11,5/2/12,5/31/12,"8/2/11","10/14/11"
"9",9,6/1/12,7/1/12,"8/2/11","10/14/11"
"9",7,7/2/12,7/31/12,"8/2/11","10/14/11"
"9",6,8/1/12,8/29/12,"8/2/11","10/14/11"
"9",7,8/30/12,9/30/12,"8/2/11","10/14/11"
"9",11,10/1/12,10/29/12,"8/2/11","10/14/11"
"9",49,10/30/12,11/29/12,"8/2/11","10/14/11"
"9",98,11/30/12,1/1/13,"8/2/11","10/14/11"
"9",104,1/2/13,1/30/13,"8/2/11","10/14/11"
"9",88,1/31/13,3/3/13,"8/2/11","10/14/11"
"9",46,3/4/13,4/1/13,"8/2/11","10/14/11"
"13",49,1/30/10,3/2/10,"8/13/12","10/1/12"
"13",25,3/3/10,3/31/10,"8/13/12","10/1/12"
"13",22,4/1/10,4/29/10,"8/13/12","10/1/12"
"13",16,4/30/10,5/28/10,"8/13/12","10/1/12"
"13",15,5/29/10,6/29/10,"8/13/12","10/1/12"
"13",13,6/30/10,7/29/10,"8/13/12","10/1/12"
"13",11,7/30/10,8/27/10,"8/13/12","10/1/12"
"13",14,8/28/10,9/28/10,"8/13/12","10/1/12"
"13",15,9/29/10,10/27/10,"8/13/12","10/1/12"
"13",33,10/28/10,11/29/10,"8/13/12","10/1/12"
"13",112,11/30/10,12/29/10,"8/13/12","10/1/12"
"13",84,12/30/10,1/28/11,"8/13/12","10/1/12"
"13",98,1/29/11,3/1/11,"8/13/12","10/1/12"
"13",62,3/2/11,3/30/11,"8/13/12","10/1/12"
"13",25,3/31/11,4/28/11,"8/13/12","10/1/12"
"13",16,4/29/11,5/27/11,"8/13/12","10/1/12"
"13",16,5/28/11,6/28/11,"8/13/12","10/1/12"
"13",11,6/29/11,7/28/11,"8/13/12","10/1/12"
"13",10,7/29/11,8/26/11,"8/13/12","10/1/12"
"13",13,8/27/11,9/26/11,"8/13/12","10/1/12"
"13",14,9/27/11,10/25/11,"8/13/12","10/1/12"
"13",44,10/26/11,11/23/11,"8/13/12","10/1/12"
"13",116,11/24/11,12/28/11,"8/13/12","10/1/12"
"13",76,12/29/11,1/30/12,"8/13/12","10/1/12"
"13",74,1/31/12,2/29/12,"8/13/12","10/1/12"
"13",62,3/1/12,3/29/12,"8/13/12","10/1/12"
"13",29,3/30/12,4/27/12,"8/13/12","10/1/12"
"13",17,4/28/12,5/29/12,"8/13/12","10/1/12"
"13",12,5/30/12,6/27/12,"8/13/12","10/1/12"
"13",11,6/28/12,7/27/12,"8/13/12","10/1/12"
"13",8,7/28/12,8/27/12,"8/13/12","10/1/12"
"13",10,8/28/12,9/26/12,"8/13/12","10/1/12"
"13",10,9/27/12,10/24/12,"8/13/12","10/1/12"
"13",22,10/25/12,11/27/12,"8/13/12","10/1/12"
"13",67,11/28/12,12/27/12,"8/13/12","10/1/12"
"14",0,1/28/10,2/26/10,"6/11/12","9/20/12"
"14",104,2/27/10,3/29/10,"6/11/12","9/20/12"
"14",41,3/30/10,4/27/10,"6/11/12","9/20/12"
"14",14,4/28/10,5/26/10,"6/11/12","9/20/12"
"14",13,5/27/10,6/25/10,"6/11/12","9/20/12"
"14",9,6/26/10,7/27/10,"6/11/12","9/20/12"
"14",7,7/28/10,8/25/10,"6/11/12","9/20/12"
"14",7,8/26/10,9/24/10,"6/11/12","9/20/12"
"14",9,9/25/10,10/25/10,"6/11/12","9/20/12"
"14",50,10/26/10,11/23/10,"6/11/12","9/20/12"
"14",105,11/24/10,12/27/10,"6/11/12","9/20/12"
"14",97,12/28/10,1/26/11,"6/11/12","9/20/12"
"14",101,1/27/11,2/25/11,"6/11/12","9/20/12"
"14",75,2/26/11,3/28/11,"6/11/12","9/20/12"
"14",31,3/29/11,4/26/11,"6/11/12","9/20/12"
"14",30,4/27/11,5/25/11,"6/11/12","9/20/12"
"14",19,5/26/11,6/24/11,"6/11/12","9/20/12"
"14",9,6/25/11,7/26/11,"6/11/12","9/20/12"
"14",12,7/27/11,8/24/11,"6/11/12","9/20/12"
"14",14,8/25/11,9/23/11,"6/11/12","9/20/12"
"14",27,9/24/11,10/21/11,"6/11/12","9/20/12"
"14",105,10/22/11,11/21/11,"6/11/12","9/20/12"
"14",157,11/22/11,12/22/11,"6/11/12","9/20/12"
"14",165,12/23/11,1/26/12,"6/11/12","9/20/12"
"14",120,1/27/12,2/27/12,"6/11/12","9/20/12"
"14",101,2/28/12,3/27/12,"6/11/12","9/20/12"
"14",49,3/28/12,4/25/12,"6/11/12","9/20/12"
"14",12,4/26/12,5/24/12,"6/11/12","9/20/12"
"14",9,5/25/12,6/25/12,"6/11/12","9/20/12"
"14",8,6/26/12,7/25/12,"6/11/12","9/20/12"
"14",8,7/26/12,8/23/12,"6/11/12","9/20/12"
"14",7,8/24/12,9/24/12,"6/11/12","9/20/12"
"14",8,9/25/12,10/22/12,"6/11/12","9/20/12"
"14",37,10/23/12,11/21/12,"6/11/12","9/20/12"
"14",66,11/22/12,12/21/12,"6/11/12","9/20/12"
"14",135,12/22/12,1/25/13,"6/11/12","9/20/12"
"14",89,1/26/13,2/26/13,"6/11/12","9/20/12"
"14",31,2/27/13,3/27/13,"6/11/12","9/20/12"
"14",16,3/28/13,4/25/13,"6/11/12","9/20/12"
"14",10,4/26/13,5/24/13,"6/11/12","9/20/12"
"14",12,5/25/13,6/25/13,"6/11/12","9/20/12"
"14",9,6/26/13,7/25/13,"6/11/12","9/20/12"
"14",14,7/26/13,8/23/13,"6/11/12","9/20/12"
"14",10,8/24/13,9/24/13,"6/11/12","9/20/12"
"14",13,9/25/13,10/22/13,"6/11/12","9/20/12"
"14",0,10/23/13,11/21/13,"6/11/12","9/20/12"
"14",0,11/22/13,12/23/13,"6/11/12","9/20/12"
"17",83,1/10/09,2/9/09,"5/22/12","6/19/12"
"17",87,2/10/09,3/11/09,"5/22/12","6/19/12"
"17",54,3/12/09,4/9/09,"5/22/12","6/19/12"
"17",38,4/10/09,5/11/09,"5/22/12","6/19/12"
"17",14,5/12/09,6/10/09,"5/22/12","6/19/12"
"17",10,6/11/09,7/10/09,"5/22/12","6/19/12"
"17",9,7/11/09,8/10/09,"5/22/12","6/19/12"
"17",8,8/11/09,9/9/09,"5/22/12","6/19/12"
"17",12,9/10/09,10/8/09,"5/22/12","6/19/12"
"17",35,10/9/09,11/6/09,"5/22/12","6/19/12"
"17",90,11/7/09,12/9/09,"5/22/12","6/19/12"
"17",131,12/10/09,1/11/10,"5/22/12","6/19/12"
"17",120,1/12/10,2/9/10,"5/22/12","6/19/12"
"17",106,2/10/10,3/11/10,"5/22/12","6/19/12"
"17",56,3/12/10,4/9/10,"5/22/12","6/19/12"
"17",53,4/10/10,5/11/10,"5/22/12","6/19/12"
"17",25,5/12/10,6/10/10,"5/22/12","6/19/12"
"17",15,6/11/10,7/12/10,"5/22/12","6/19/12"
"17",9,7/13/10,8/10/10,"5/22/12","6/19/12"
"17",9,8/11/10,9/10/10,"5/22/12","6/19/12"
"17",20,9/11/10,10/11/10,"5/22/12","6/19/12"
"17",51,10/12/10,11/9/10,"5/22/12","6/19/12"
"17",127,11/10/10,12/9/10,"5/22/12","6/19/12"
"17",146,12/10/10,1/10/11,"5/22/12","6/19/12"
"17",104,1/11/11,2/9/11,"5/22/12","6/19/12"
"17",107,2/10/11,3/11/11,"5/22/12","6/19/12"
"17",80,3/12/11,4/11/11,"5/22/12","6/19/12"
"17",32,4/12/11,5/10/11,"5/22/12","6/19/12"
"17",53,5/11/11,6/10/11,"5/22/12","6/19/12"
"17",12,6/11/11,7/12/11,"5/22/12","6/19/12"
"17",7,7/13/11,8/10/11,"5/22/12","6/19/12"
"17",8,8/11/11,9/9/11,"5/22/12","6/19/12"
"17",20,9/10/11,10/10/11,"5/22/12","6/19/12"
"17",49,10/11/11,11/8/11,"5/22/12","6/19/12"
"17",105,11/9/11,12/8/11,"5/22/12","6/19/12"
"17",135,12/9/11,1/10/12,"5/22/12","6/19/12"
"17",107,1/11/12,2/8/12,"5/22/12","6/19/12"
"17",105,2/9/12,3/9/12,"5/22/12","6/19/12"
"17",88,3/10/12,4/9/12,"5/22/12","6/19/12"
"17",55,4/10/12,5/9/12,"5/22/12","6/19/12"
"17",18,5/10/12,6/8/12,"5/22/12","6/19/12"
"17",10,6/9/12,7/10/12,"5/22/12","6/19/12"
"17",6,7/11/12,8/8/12,"5/22/12","6/19/12"
"17",5,8/9/12,9/7/12,"5/22/12","6/19/12"
"17",6,9/8/12,10/8/12,"5/22/12","6/19/12"
"17",29,10/9/12,11/6/12,"5/22/12","6/19/12"
"17",78,11/7/12,12/7/12,"5/22/12","6/19/12"
"17",133,12/8/12,1/9/13,"5/22/12","6/19/12"
"17",106,1/10/13,2/7/13,"5/22/12","6/19/12"
"17",109,2/8/13,3/11/13,"5/22/12","6/19/12"
"18b",85,1/8/11,2/8/11,"4/26/12","6/1/12"
"18b",80,2/9/11,3/10/11,"4/26/12","6/1/12"
"18b",49,3/11/11,4/8/11,"4/26/12","6/1/12"
"18b",34,4/9/11,5/9/11,"4/26/12","6/1/12"
"18b",30,5/10/11,6/9/11,"4/26/12","6/1/12"
"18b",22,6/10/11,7/11/11,"4/26/12","6/1/12"
"18b",17,7/12/11,8/9/11,"4/26/12","6/1/12"
"18b",17,8/10/11,9/8/11,"4/26/12","6/1/12"
"18b",19,9/9/11,10/7/11,"4/26/12","6/1/12"
"18b",31,10/8/11,11/7/11,"4/26/12","6/1/12"
"18b",75,11/8/11,12/7/11,"4/26/12","6/1/12"
"18b",96,12/8/11,1/9/12,"4/26/12","6/1/12"
"18b",88,1/10/12,2/7/12,"4/26/12","6/1/12"
"18b",82,2/8/12,3/8/12,"4/26/12","6/1/12"
"18b",65,3/9/12,4/6/12,"4/26/12","6/1/12"
"18b",32,4/7/12,5/8/12,"4/26/12","6/1/12"
"18b",21,5/9/12,6/7/12,"4/26/12","6/1/12"
"18b",19,6/8/12,7/9/12,"4/26/12","6/1/12"
"18b",17,7/10/12,8/7/12,"4/26/12","6/1/12"
"18b",14,8/8/12,9/6/12,"4/26/12","6/1/12"
"18b",11,9/7/12,10/5/12,"4/26/12","6/1/12"
"18b",24,10/6/12,11/5/12,"4/26/12","6/1/12"
"18b",37,11/6/12,12/6/12,"4/26/12","6/1/12"
"18b",97,12/7/12,1/8/13,"4/26/12","6/1/12"
"18b",73,1/9/13,2/6/13,"4/26/12","6/1/12"
"18b",69,2/7/13,3/8/13,"4/26/12","6/1/12"
"19b",52,1/8/09,2/5/09,"4/10/12","7/30/12"
"19b",76,2/6/09,3/9/09,"4/10/12","7/30/12"
"19b",46,3/10/09,4/7/09,"4/10/12","7/30/12"
"19b",30,4/8/09,5/7/09,"4/10/12","7/30/12"
"19b",12,5/8/09,6/8/09,"4/10/12","7/30/12"
"19b",12,6/9/09,7/8/09,"4/10/12","7/30/12"
"19b",9,7/9/09,8/6/09,"4/10/12","7/30/12"
"19b",10,8/7/09,9/4/09,"4/10/12","7/30/12"
"19b",10,9/5/09,10/6/09,"4/10/12","7/30/12"
"19b",16,10/7/09,11/4/09,"4/10/12","7/30/12"
"19b",52,11/5/09,12/7/09,"4/10/12","7/30/12"
"19b",77,12/8/09,1/7/10,"4/10/12","7/30/12"
"19b",73,1/8/10,2/5/10,"4/10/12","7/30/12"
"19b",80,2/6/10,3/9/10,"4/10/12","7/30/12"
"19b",44,3/10/10,4/7/10,"4/10/12","7/30/12"
"19b",37,4/8/10,5/7/10,"4/10/12","7/30/12"
"19b",26,5/8/10,6/8/10,"4/10/12","7/30/12"
"19b",17,6/9/10,7/8/10,"4/10/12","7/30/12"
"19b",11,7/9/10,8/6/10,"4/10/12","7/30/12"
"19b",12,8/7/10,9/8/10,"4/10/12","7/30/12"
"19b",12,9/9/10,10/7/10,"4/10/12","7/30/12"
"19b",19,10/8/10,11/5/10,"4/10/12","7/30/12"
"19b",70,11/6/10,12/7/10,"4/10/12","7/30/12"
"19b",82,12/8/10,1/6/11,"4/10/12","7/30/12"
"19b",77,1/7/11,2/7/11,"4/10/12","7/30/12"
"19b",77,2/8/11,3/9/11,"4/10/12","7/30/12"
"19b",47,3/10/11,4/7/11,"4/10/12","7/30/12"
"19b",30,4/8/11,5/6/11,"4/10/12","7/30/12"
"19b",26,5/7/11,6/8/11,"4/10/12","7/30/12"
"19b",12,6/9/11,7/8/11,"4/10/12","7/30/12"
"19b",12,7/9/11,8/8/11,"4/10/12","7/30/12"
"19b",11,8/9/11,9/7/11,"4/10/12","7/30/12"
"19b",13,9/8/11,10/6/11,"4/10/12","7/30/12"
"19b",18,10/7/11,11/4/11,"4/10/12","7/30/12"
"19b",70,11/5/11,12/6/11,"4/10/12","7/30/12"
"19b",86,12/7/11,1/6/12,"4/10/12","7/30/12"
"19b",73,1/7/12,2/6/12,"4/10/12","7/30/12"
"19b",72,2/7/12,3/7/12,"4/10/12","7/30/12"
"19b",50,3/8/12,4/5/12,"4/10/12","7/30/12"
"19b",26,4/6/12,5/7/12,"4/10/12","7/30/12"
"19b",16,5/8/12,6/6/12,"4/10/12","7/30/12"
"19b",15,6/7/12,7/6/12,"4/10/12","7/30/12"
"19b",13,7/7/12,8/6/12,"4/10/12","7/30/12"
"19b",12,8/7/12,9/5/12,"4/10/12","7/30/12"
"19b",10,9/6/12,10/4/12,"4/10/12","7/30/12"
"19b",13,10/5/12,11/2/12,"4/10/12","7/30/12"
"19b",30,11/3/12,12/5/12,"4/10/12","7/30/12"
"19b",75,12/6/12,1/7/13,"4/10/12","7/30/12"
"19b",62,1/8/13,2/5/13,"4/10/12","7/30/12"
"19b",63,2/6/13,3/7/13,"4/10/12","7/30/12"
"20",65,1/24/09,2/24/09,"5/2/12","5/23/12"
"20",45,2/25/09,3/25/09,"5/2/12","5/23/12"
"20",31,3/26/09,4/24/09,"5/2/12","5/23/12"
"20",21,4/25/09,5/26/09,"5/2/12","5/23/12"
"20",16,5/27/09,6/24/09,"5/2/12","5/23/12"
"20",8,6/25/09,7/24/09,"5/2/12","5/23/12"
"20",8,7/25/09,8/24/09,"5/2/12","5/23/12"
"20",6,8/25/09,9/23/09,"5/2/12","5/23/12"
"20",13,9/24/09,10/22/09,"5/2/12","5/23/12"
"20",36,10/23/09,11/23/09,"5/2/12","5/23/12"
"20",60,11/24/09,12/23/09,"5/2/12","5/23/12"
"20",83,12/24/09,1/25/10,"5/2/12","5/23/12"
"20",50,1/26/10,2/24/10,"5/2/12","5/23/12"
"20",49,2/25/10,3/25/10,"5/2/12","5/23/12"
"20",36,3/26/10,4/26/10,"5/2/12","5/23/12"
"20",26,4/27/10,5/25/10,"5/2/12","5/23/12"
"20",19,5/26/10,6/24/10,"5/2/12","5/23/12"
"20",16,6/25/10,7/26/10,"5/2/12","5/23/12"
"20",10,7/27/10,8/24/10,"5/2/12","5/23/12"
"20",13,8/25/10,9/24/10,"5/2/12","5/23/12"
"20",19,9/25/10,10/25/10,"5/2/12","5/23/12"
"20",36,10/26/10,11/23/10,"5/2/12","5/23/12"
"20",75,11/24/10,12/23/10,"5/2/12","5/23/12"
"20",107,12/24/10,1/25/11,"5/2/12","5/23/12"
"20",66,1/26/11,2/24/11,"5/2/12","5/23/12"
"20",54,2/25/11,3/25/11,"5/2/12","5/23/12"
"20",36,3/26/11,4/25/11,"5/2/12","5/23/12"
"20",26,4/26/11,5/25/11,"5/2/12","5/23/12"
"20",23,5/26/11,6/24/11,"5/2/12","5/23/12"
"20",10,6/25/11,7/26/11,"5/2/12","5/23/12"
"20",9,7/27/11,8/24/11,"5/2/12","5/23/12"
"20",10,8/25/11,9/23/11,"5/2/12","5/23/12"
"20",20,9/24/11,10/24/11,"5/2/12","5/23/12"
"20",47,10/25/11,11/22/11,"5/2/12","5/23/12"
"20",86,11/23/11,12/22/11,"5/2/12","5/23/12"
"20",84,12/23/11,1/24/12,"5/2/12","5/23/12"
"20",56,1/25/12,2/23/12,"5/2/12","5/23/12"
"20",56,2/24/12,3/23/12,"5/2/12","5/23/12"
"20",47,3/24/12,4/24/12,"5/2/12","5/23/12"
"20",21,4/25/12,5/23/12,"5/2/12","5/23/12"
"20",16,5/24/12,6/22/12,"5/2/12","5/23/12"
"20",10,6/23/12,7/24/12,"5/2/12","5/23/12"
"20",6,7/25/12,8/22/12,"5/2/12","5/23/12"
"20",7,8/23/12,9/21/12,"5/2/12","5/23/12"
"20",10,9/22/12,10/22/12,"5/2/12","5/23/12"
"20",28,10/23/12,11/20/12,"5/2/12","5/23/12"
"20",52,11/21/12,12/21/12,"5/2/12","5/23/12"
"20",108,12/22/12,1/23/13,"5/2/12","5/23/12"
"20",76,1/24/13,2/22/13,"5/2/12","5/23/12"
